season,game_count,straight_up_wins,straight_up_losses,straight_up_ties,covers,no_covers,pushes,mae,rmse,saved_predictions,reconstructed_predictions,missing_predictions,non_fbs_games,missing_scores
1897,85,69,11,4,60,24,0,16.57647058823529411764705882,21.00980163413929886362384173,85,0,0,109,0
1898,91,67,19,4,51,39,0,15.62637362637362637362637363,19.93671305588078810696653074,91,0,0,136,0
1899,136,90,35,9,74,59,1,14.08823529411764705882352941,18.75931141342566318188331899,136,0,0,158,0
1900,131,93,26,10,76,53,0,12.79389312977099236641221374,16.56308781183615592822111518,131,0,0,159,0
1901,146,112,22,10,81,61,2,12.51027397260273972602739726,16.60989761046518270503515368,146,0,0,175,0
1902,221,143,56,17,112,102,2,14.37556561085972850678733032,19.84641253470605343299641253,221,0,0,225,0
1903,210,136,60,11,110,97,0,16.06904761904761904761904762,21.49947396920168724668371683,210,0,0,257,0
1904,243,167,56,12,129,104,2,17.47325102880658436213991770,24.21708236326788420584854215,243,0,0,237,0
1905,247,175,53,14,140,100,2,17.19635627530364372469635628,21.78792240561353837976428055,247,0,0,274,0
1906,162,101,37,22,59,94,7,12.71296296296296296296296296,17.71416570619871633661647928,162,0,0,193,0
1907,177,109,52,12,81,89,3,13.68926553672316384180790960,18.58367852026699175706335444,177,0,0,199,0
1908,171,99,48,18,67,96,2,13.31871345029239766081871345,17.75141045380381047872997604,171,0,0,224,0
1909,179,111,40,21,83,88,1,12.32960893854748603351955307,15.73781341069084699774008132,179,0,0,232,0
1910,184,123,45,12,85,91,4,14.18206521739130434782608696,19.89800760181127105488445752,184,0,0,218,0
1911,186,109,48,24,78,102,1,11.38709677419354838709677419,14.40681962172440145410379104,186,0,0,221,0
1912,207,126,67,10,102,99,2,17.00241545893719806763285024,21.87500172532774424420087926,207,0,0,218,0
1913,197,132,49,11,110,81,1,15.96700507614213197969543147,20.90384682738421513884644899,197,0,0,224,0
1914,225,140,66,15,101,116,4,17.74,22.84622507111404608294789292,225,0,0,243,0
1915,235,152,64,13,125,102,2,17.85957446808510638297872340,23.47366111107184763752196473,235,0,0,234,0
1916,249,158,64,18,121,117,2,17.33734939759036144578313253,23.98790692650902040661738297,249,0,0,256,0
1917,227,143,68,11,107,113,2,18.70704845814977973568281938,25.01054843540316244803186926,227,0,0,248,0
1918,103,59,40,4,42,60,1,19.84466019417475728155339806,27.93786448253803442761054697,103,0,0,188,0
1919,278,167,83,24,122,148,4,12.65107913669064748201438849,16.35460245871888544052079127,278,0,0,257,0
1920,277,188,64,21,129,142,2,15.81407942238267148014440433,21.51028215219753955983334307,277,0,0,242,0
1921,302,183,84,31,141,154,3,14.98178807947019867549668874,20.04814156305891439237400460,302,0,0,257,0
1922,337,227,80,26,172,156,5,15.09940652818991097922848665,19.88902818481834512382038185,337,0,0,277,0
1923,327,206,85,30,155,164,2,13.26452599388379204892966361,18.34629094496511217097478105,327,0,0,287,0
1924,350,204,107,34,143,197,5,13.32857142857142857142857143,17.15450794564340913153027100,350,0,0,253,0
1925,327,191,103,27,129,185,7,14.05504587155963302752293578,18.09628512065931499464569540,327,0,0,265,0
1926,295,181,88,20,125,159,5,12.55593220338983050847457627,16.42672481463037172586391884,295,0,0,247,0
1927,313,178,101,26,136,165,4,14.36102236421725239616613419,17.97864370282061199083760485,313,0,0,243,0
1928,316,186,103,21,141,166,3,14.61234177215189873417721519,18.90710552254115730738954934,316,0,0,259,0
1929,316,198,85,27,157,149,4,13.54113924050632911392405063,18.05310380411150564698995759,316,0,0,259,0
1930,354,222,97,27,153,190,3,14.68926553672316384180790960,19.60074655559637513680540130,354,0,0,266,0
1931,372,232,105,25,166,189,7,13.93951612903225806451612903,18.32962450266240861973320809,372,0,0,274,0
1932,403,251,110,37,164,229,5,12.80769230769230769230769231,16.88453342507960072867240813,403,0,0,258,0
1933,443,275,120,43,180,252,6,11.94018058690744920993227991,15.69325385967769716088104041,443,0,0,242,0
1934,442,271,140,28,187,245,7,12.60633484162895927601809955,16.31751550381351928610711836,442,0,0,243,0
1935,457,275,136,29,189,249,2,13.95514223194748358862144420,18.02282469719010262068684564,457,0,0,253,0
1936,488,296,138,37,209,259,3,13.50717213114754098360655738,17.25123243399738321108880676,488,0,0,233,0
1937,473,269,144,44,194,257,6,12.65116279069767441860465116,16.15451291517101302016424788,473,0,0,209,0
1938,455,294,121,33,185,258,5,12.74175824175824175824175824,16.61971224675190231782185930,455,0,0,205,0
1939,473,289,142,35,190,274,2,13.10782241014799154334038055,17.26096183248963237739598722,473,0,0,178,0
1940,461,282,142,26,178,267,5,13.96637744034707158351409978,17.86662747807618760459579039,461,0,0,181,0
1941,464,278,154,26,196,251,11,15.29525862068965517241379310,19.58673240249369802279831528,464,0,0,163,0
1942,495,294,162,30,215,268,3,15.62121212121212121212121212,20.38053388937987601121747669,495,0,0,164,0
1943,262,180,72,6,136,121,1,17.66030534351145038167938931,22.44395054420086604609383737,262,0,0,122,0
1944,331,213,92,21,161,165,0,18.24018126888217522658610272,23.28752697017669475490149400,331,0,0,180,0
1945,376,227,119,18,173,183,8,17.29521276595744680851063830,21.97033178455446665308405665,376,0,0,148,0
1946,494,317,140,21,232,244,2,16.37955465587044534412955466,21.31483916010281865009711846,494,0,0,132,0
1947,505,321,153,24,241,251,6,16.0,19.75964484388410366664439942,505,0,0,123,0
1948,484,316,140,21,238,232,7,15.69938016528925619834710744,20.45680543070574512022438498,484,0,0,153,0
1949,496,302,162,22,233,249,4,17.55342741935483870967741935,22.07548678818847407768669887,496,0,0,142,0
1950,518,340,141,26,242,257,8,15.76544401544401544401544402,20.66296231383611615117124086,518,0,0,124,0
1951,503,307,176,16,210,282,7,16.41948310139165009940357853,20.84511661468749080831369761,503,0,0,114,0
1952,489,298,159,27,215,267,2,16.19938650306748466257668712,20.23141930756129645641781286,489,0,0,104,0
1953,486,295,150,32,203,269,5,14.95884773662551440329218107,19.06934497290017696712724470,486,0,0,82,0
1954,487,323,144,14,214,264,3,14.82648870636550308008213552,19.32847215195636646764381223,487,0,0,92,0
1955,483,316,135,22,208,259,6,14.41718426501035196687370600,18.52837620078136149404391221,483,0,0,85,0
1956,491,309,149,26,214,268,2,14.51731160896130346232179226,18.38039999210174337224411528,491,0,0,89,0
1957,497,312,160,24,204,292,0,14.25150905432595573440643863,17.97250862841329510464105563,497,0,0,86,0
1958,502,299,176,18,198,289,6,15.11952191235059760956175299,19.24923033593541927365467501,502,0,0,80,0
1959,506,322,166,13,208,288,5,14.54545454545454545454545455,18.18253951138300022501249802,506,0,0,82,0
1960,507,329,147,21,217,275,5,13.49506903353057199211045365,17.25376213155576375171899703,507,0,0,87,0
1961,498,303,177,10,212,270,8,15.15461847389558232931726908,19.11739782497590790503383204,498,0,0,82,0
1962,546,354,166,19,241,296,2,13.97802197802197802197802198,17.92988480807306332230468145,546,0,0,75,0
1963,540,332,175,23,216,306,8,14.23425925925925925925925926,17.96579826802603857533770704,540,0,0,72,0
1964,544,330,180,19,197,321,11,13.71047794117647058823529412,17.91717823027091835060083082,544,0,0,81,0
1965,541,342,171,18,229,297,5,14.26802218114602587800369686,18.37233011523623440506355456,541,0,0,90,0
1966,541,348,173,12,238,291,4,13.95933456561922365988909427,17.71047185449014555777182218,541,0,0,84,0
1967,530,334,175,14,218,297,8,14.15849056603773584905660377,17.90483227701182707456664361,530,0,0,90,0
1968,540,377,143,14,260,274,0,14.95185185185185185185185185,18.96273148006861339538359791,540,0,0,89,0
1969,550,381,157,7,278,261,6,16.07454545454545454545454545,20.65806028032289737936714917,550,0,0,96,0
1970,586,396,173,6,297,271,7,16.22354948805460750853242321,20.46996884641935256480917043,586,0,0,103,0
1971,627,410,201,8,289,322,8,14.86044657097288676236044657,18.32137133317019711033203806,627,0,0,104,0
1972,623,401,200,12,284,327,2,15.63162118780096308186195827,19.74403825332995705184888568,623,0,0,105,0
1973,630,423,186,11,302,311,7,15.62698412698412698412698413,20.49874173451660174881130915,630,0,0,116,0
1974,640,426,188,16,296,328,6,15.3265625,19.46898575298672306262999564,640,0,0,109,0
1975,691,453,217,13,285,394,4,14.62373371924746743849493488,18.61278057085698308581649986,691,0,0,104,0
1976,698,446,232,10,308,375,5,14.72779369627507163323782235,18.57319216098058362301023443,698,0,0,94,0
1977,728,483,220,15,337,373,8,14.90041208791208791208791209,19.25213167874726998082236501,728,0,0,126,0
1978,707,467,219,14,320,371,9,15.11951909476661951909476662,19.00347061282202688099846396,707,0,0,94,0
1979,716,465,222,14,316,374,11,14.37569832402234636871508380,18.19778057558379760526644020,716,0,0,94,0
1980,713,481,209,9,338,347,14,14.88920056100981767180925666,19.14708331414970843439053964,713,0,0,88,0
1981,711,465,212,16,314,371,8,14.81645569620253164556962025,18.98225353763584645464985942,711,0,0,77,0
1982,576,396,155,13,254,300,10,14.48871527777777777777777778,18.29258017840384739346228275,576,0,0,95,0
1983,566,375,170,13,255,295,8,14.27915194346289752650176678,18.14867924406310415838679477,566,0,0,113,0
1984,563,362,176,15,240,306,7,14.12699822380106571936056838,18.04920991859789935421065052,563,0,0,95,0
1985,563,361,180,13,275,274,5,14.93872113676731793960923623,18.86844471701566547942982274,563,0,0,92,0
1986,545,344,178,8,241,279,10,15.12201834862385321100917431,19.47973541255422868570989968,545,0,0,74,0
1987,540,353,164,10,253,266,8,14.78611111111111111111111111,18.82114895929969914407546687,540,0,0,75,0
1988,547,383,144,10,254,275,8,14.86380255941499085923217550,19.48170988670371340754786252,547,0,0,72,0
1989,564,393,147,12,277,272,3,14.82180851063829787234042553,19.08248937401040079918946797,564,0,0,50,0
1990,560,368,170,15,260,284,9,15.43660714285714285714285714,19.71818187431517299046009493,560,0,0,67,0
1991,568,396,144,13,265,284,4,15.11883802816901408450704225,19.28665113418685203328928644,568,0,0,53,0
1992,569,369,176,12,265,287,5,14.24868189806678383128295255,18.38567248017679673737707442,569,0,0,49,0
1993,565,380,161,11,274,271,7,15.21946902654867256637168142,19.71722664445161177981632635,565,0,0,47,0
1994,573,384,163,13,270,280,10,14.30715532286212914485165794,18.50086078842657431815393845,573,0,0,43,0
1995,578,382,178,7,275,289,3,15.54844290657439446366782007,19.86681432486560289862296212,578,0,0,43,0
1996,582,395,179,0,296,267,11,16.20274914089347079037800687,20.48062952076938257310360658,582,0,0,59,0
1997,593,420,168,0,314,268,6,15.54553119730185497470489039,19.61633478046355843507409720,593,0,0,49,0
1998,601,423,168,0,295,291,5,14.51414309484193011647254576,18.81062025229913365802106081,601,0,0,47,0
1999,607,416,182,0,311,281,6,15.72734761120263591433278418,19.65527667455262560474439572,607,0,0,53,0
2000,618,437,176,0,320,284,9,14.83737864077669902912621359,19.12424248134908200562785044,618,0,0,56,0
2001,627,438,177,0,305,295,15,14.69138755980861244019138756,18.95948631192631263377044103,627,0,0,57,0
2002,679,483,187,0,360,299,11,14.79086892488954344624447717,18.78031667866146539137456190,679,0,0,65,0
2003,671,464,190,0,343,300,11,15.30402384500745156482861401,19.57931251066957143938364317,671,0,0,72,0
2004,627,422,191,0,310,297,6,15.21212121212121212121212121,19.41168197578938811908879585,627,0,0,66,0
2005,636,422,205,0,311,306,10,14.80738993710691823899371069,18.85390497229691978812372787,636,0,0,54,0
2006,682,481,194,0,342,324,9,13.51099706744868035190615836,17.04577028055576037789926645,682,0,0,78,0
2007,686,471,206,0,336,333,8,13.98760932944606413994169096,17.74633990925810915007075126,686,0,0,80,0
2008,683,474,192,0,347,315,4,14.68667642752562225475841874,18.73989722943642361497932233,683,0,0,88,0
2009,680,460,204,0,308,346,10,13.66911764705882352941176471,17.62086413718624840893637626,680,0,0,94,0
2010,683,476,195,0,362,301,8,14.51830161054172767203513909,18.33936632622397273989945279,683,0,0,90,0
2011,680,478,189,0,354,307,6,14.43529411764705882352941176,18.05618274426014018732385556,680,0,0,97,0
2012,697,496,189,0,355,323,7,13.90530846484935437589670014,17.73076988911739663416169484,697,0,0,108,0
2013,702,496,187,0,369,308,6,14.98860398860398860398860399,18.60331511675629638323332665,702,0,0,111,0
2014,721,478,227,0,347,345,13,14.66643550624133148404993065,18.73500324901594466691530302,721,0,0,108,0
2015,724,519,193,0,364,336,12,14.41781767955801104972375691,18.39316058630465935347272833,724,0,0,105,0
2016,719,483,221,0,340,352,12,15.46801112656467315716272601,19.87314603279037853346960566,719,0,0,113,0
2017,736,500,224,0,377,340,7,14.88519021739130434782608696,18.72067453088441329590555009,736,0,0,98,0
2018,733,492,220,0,359,347,6,15.22919508867667121418826739,19.00443331634245172259289060,733,0,0,112,0
2019,734,519,205,0,398,316,10,15.09945504087193460490463215,19.18075144925344542844819654,734,0,0,114,0
2020,508,345,148,0,243,243,7,14.68996062992125984251968504,18.92771423446931384552587264,508,0,0,34,0
2021,732,507,215,0,366,348,8,14.84357923497267759562841530,18.61301508625329880020060786,732,0,0,117,0
2022,734,495,225,0,360,350,10,13.91553133514986376021798365,17.90981798850762719960922926,734,0,0,120,0
2023,750,525,217,0,369,365,8,14.132,17.94556584043348947232597878,750,0,0,118,0
2024,798,507,262,0,363,396,10,14.26127819548872180451127820,18.21270694420763397001581333,798,0,0,121,0
2025,808,523,262,0,391,386,8,14.35210396039603960396039604,18.40540607463680024640913453,808,0,0,126,0
2026,271,183,84,0,136,128,3,16.72110701107011070110701107,21.34986236204413525511000974,215,56,0,119,0
