year,week,ats_accuracy,ats_correct,su_accuracy,su_correct,total_games,cors_version
1897,3,75.0,3,75.0,3,4,v0.4.0
1897,4,87.5,7,75.0,6,8,v0.4.0
1897,5,50.0,5,100.0,10,10,v0.4.0
1897,6,83.3,5,83.3,5,6,v0.4.0
1897,7,85.7,12,85.7,12,14,v0.4.0
1897,8,63.6,7,81.8,9,11,v0.4.0
1897,9,62.5,5,100.0,8,8,v0.4.0
1897,10,55.6,5,55.6,5,9,v0.4.0
1897,11,87.5,7,75.0,6,8,v0.4.0
1898,3,75.0,3,75.0,3,4,v0.4.0
1898,4,85.7,6,100.0,7,7,v0.4.0
1898,5,72.7,8,81.8,9,11,v0.4.0
1898,6,60.0,6,80.0,8,10,v0.4.0
1898,7,81.8,9,90.9,10,11,v0.4.0
1898,8,50.0,6,91.7,11,12,v0.4.0
1898,9,70.0,7,50.0,5,10,v0.4.0
1898,10,54.5,6,72.7,8,11,v0.4.0
1898,11,50.0,3,50.0,3,6,v0.4.0
1898,12,75.0,6,37.5,3,8,v0.4.0
1899,3,100.0,2,100.0,2,2,v0.4.0
1899,4,62.5,5,50.0,4,8,v0.4.0
1899,5,75.0,12,87.5,14,16,v0.4.0
1899,6,64.3,9,71.4,10,14,v0.4.0
1899,7,75.0,15,70.0,14,20,v0.4.0
1899,8,60.0,9,73.3,11,15,v0.4.0
1899,9,58.3,7,83.3,10,12,v0.4.0
1899,10,50.0,7,64.3,9,14,v0.4.0
1899,11,64.3,9,64.3,9,14,v0.4.0
1899,12,33.3,3,55.6,5,9,v0.4.0
1899,13,72.7,8,72.7,8,11,v0.4.0
1899,14,0.0,0,100.0,1,1,v0.4.0
1900,2,100.0,1,100.0,1,1,v0.4.0
1900,3,85.7,6,100.0,7,7,v0.4.0
1900,4,66.7,8,83.3,10,12,v0.4.0
1900,5,82.4,14,76.5,13,17,v0.4.0
1900,6,53.3,8,73.3,11,15,v0.4.0
1900,7,73.3,11,73.3,11,15,v0.4.0
1900,8,43.8,7,68.8,11,16,v0.4.0
1900,9,73.3,11,73.3,11,15,v0.4.0
1900,10,57.1,8,64.3,9,14,v0.4.0
1900,11,75.0,6,75.0,6,8,v0.4.0
1900,12,54.5,6,54.5,6,11,v0.4.0
1901,2,71.4,5,85.7,6,7,v0.4.0
1901,3,45.5,5,90.9,10,11,v0.4.0
1901,4,57.9,11,84.2,16,19,v0.4.0
1901,5,55.6,10,88.9,16,18,v0.4.0
1901,6,52.6,10,63.2,12,19,v0.4.0
1901,7,57.1,8,64.3,9,14,v0.4.0
1901,8,56.2,9,81.2,13,16,v0.4.0
1901,9,58.8,10,88.2,15,17,v0.4.0
1901,10,53.8,7,69.2,9,13,v0.4.0
1902,2,0.0,0,100.0,1,1,v0.4.0
1902,3,80.0,4,80.0,4,5,v0.4.0
1902,4,61.1,11,61.1,11,18,v0.4.0
1902,5,70.8,17,75.0,18,24,v0.4.0
1902,6,69.2,18,61.5,16,26,v0.4.0
1902,7,46.4,13,60.7,17,28,v0.4.0
1902,8,76.0,19,80.0,20,25,v0.4.0
1902,9,61.5,16,65.4,17,26,v0.4.0
1902,10,41.4,12,62.1,18,29,v0.4.0
1902,11,40.0,6,66.7,10,15,v0.4.0
1903,2,100.0,2,100.0,2,2,v0.4.0
1903,3,87.5,7,75.0,6,8,v0.4.0
1903,4,68.8,11,81.2,13,16,v0.4.0
1903,5,48.0,12,84.0,21,25,v0.4.0
1903,6,50.0,15,66.7,20,30,v0.4.0
1903,7,64.0,16,44.0,11,25,v0.4.0
1903,8,43.5,10,69.6,16,23,v0.4.0
1903,9,56.5,13,60.9,14,23,v0.4.0
1903,10,31.8,7,59.1,13,22,v0.4.0
1903,11,42.9,6,78.6,11,14,v0.4.0
1903,12,40.9,9,59.1,13,22,v0.4.0
1904,1,0.0,0,0.0,0,0,v0.4.0
1904,2,33.3,1,33.3,1,3,v0.4.0
1904,3,70.4,19,59.3,16,27,v0.4.0
1904,4,71.4,20,75.0,21,28,v0.4.0
1904,5,52.9,18,76.5,26,34,v0.4.0
1904,6,68.0,17,84.0,21,25,v0.4.0
1904,7,37.0,10,70.4,19,27,v0.4.0
1904,8,82.8,24,69.0,20,29,v0.4.0
1904,9,78.1,25,75.0,24,32,v0.4.0
1904,10,56.2,9,87.5,14,16,v0.4.0
1904,11,70.0,14,65.0,13,20,v0.4.0
1905,2,40.0,2,100.0,5,5,v0.4.0
1905,3,85.7,12,71.4,10,14,v0.4.0
1905,4,69.2,18,69.2,18,26,v0.4.0
1905,5,67.9,19,67.9,19,28,v0.4.0
1905,6,54.8,17,74.2,23,31,v0.4.0
1905,7,59.3,16,74.1,20,27,v0.4.0
1905,8,61.5,16,73.1,19,26,v0.4.0
1905,9,76.0,19,64.0,16,25,v0.4.0
1905,10,74.1,20,70.4,19,27,v0.4.0
1905,11,66.7,12,77.8,14,18,v0.4.0
1906,1,0.0,0,100.0,3,3,v0.4.0
1906,2,50.0,3,50.0,3,6,v0.4.0
1906,3,54.5,6,63.6,7,11,v0.4.0
1906,4,47.1,8,82.4,14,17,v0.4.0
1906,5,56.2,9,62.5,10,16,v0.4.0
1906,6,68.4,13,57.9,11,19,v0.4.0
1906,7,45.5,10,59.1,13,22,v0.4.0
1906,8,35.3,6,82.4,14,17,v0.4.0
1906,9,47.6,10,66.7,14,21,v0.4.0
1906,10,43.8,7,75.0,12,16,v0.4.0
1906,11,50.0,7,64.3,9,14,v0.4.0
1907,2,40.0,2,80.0,4,5,v0.4.0
1907,3,66.7,8,50.0,6,12,v0.4.0
1907,4,70.0,14,80.0,16,20,v0.4.0
1907,5,50.0,9,55.6,10,18,v0.4.0
1907,6,54.2,13,50.0,12,24,v0.4.0
1907,7,45.8,11,75.0,18,24,v0.4.0
1907,8,56.0,14,64.0,16,25,v0.4.0
1907,9,60.0,12,75.0,15,20,v0.4.0
1907,10,46.2,6,53.8,7,13,v0.4.0
1907,11,81.2,13,50.0,8,16,v0.4.0
1908,2,50.0,1,100.0,2,2,v0.4.0
1908,3,66.7,6,77.8,7,9,v0.4.0
1908,4,42.9,6,42.9,6,14,v0.4.0
1908,5,57.9,11,84.2,16,19,v0.4.0
1908,6,64.7,11,76.5,13,17,v0.4.0
1908,7,47.4,9,47.4,9,19,v0.4.0
1908,8,66.7,16,70.8,17,24,v0.4.0
1908,9,45.8,11,54.2,13,24,v0.4.0
1908,10,44.4,8,66.7,12,18,v0.4.0
1908,11,63.6,14,63.6,14,22,v0.4.0
1909,2,0.0,0,100.0,1,1,v0.4.0
1909,3,91.7,11,83.3,10,12,v0.4.0
1909,4,76.9,10,100.0,13,13,v0.4.0
1909,5,43.5,10,65.2,15,23,v0.4.0
1909,6,44.0,11,60.0,15,25,v0.4.0
1909,7,63.2,12,73.7,14,19,v0.4.0
1909,8,45.8,11,66.7,16,24,v0.4.0
1909,9,45.8,11,54.2,13,24,v0.4.0
1909,10,27.8,5,61.1,11,18,v0.4.0
1909,11,45.0,9,75.0,15,20,v0.4.0
1910,2,100.0,1,100.0,1,1,v0.4.0
1910,3,75.0,3,75.0,3,4,v0.4.0
1910,4,75.0,12,68.8,11,16,v0.4.0
1910,5,54.5,12,72.7,16,22,v0.4.0
1910,6,72.0,18,60.0,15,25,v0.4.0
1910,7,58.3,14,70.8,17,24,v0.4.0
1910,8,40.9,9,54.5,12,22,v0.4.0
1910,9,50.0,13,69.2,18,26,v0.4.0
1910,10,47.4,9,73.7,14,19,v0.4.0
1910,11,66.7,16,83.3,20,24,v0.4.0
1911,2,50.0,2,100.0,4,4,v0.4.0
1911,3,83.3,10,66.7,8,12,v0.4.0
1911,4,62.5,10,56.2,9,16,v0.4.0
1911,5,65.2,15,60.9,14,23,v0.4.0
1911,6,60.0,15,76.0,19,25,v0.4.0
1911,7,41.7,10,62.5,15,24,v0.4.0
1911,8,60.9,14,65.2,15,23,v0.4.0
1911,9,48.1,13,66.7,18,27,v0.4.0
1911,10,23.1,3,30.8,4,13,v0.4.0
1911,11,72.2,13,77.8,14,18,v0.4.0
1911,12,100.0,1,100.0,1,1,v0.4.0
1912,1,100.0,1,100.0,1,1,v0.4.0
1912,2,0.0,0,0.0,0,1,v0.4.0
1912,3,68.8,11,37.5,6,16,v0.4.0
1912,4,66.7,14,81.0,17,21,v0.4.0
1912,5,52.0,13,72.0,18,25,v0.4.0
1912,6,57.1,16,60.7,17,28,v0.4.0
1912,7,40.0,10,52.0,13,25,v0.4.0
1912,8,42.3,11,53.8,14,26,v0.4.0
1912,9,44.0,11,64.0,16,25,v0.4.0
1912,10,50.0,8,62.5,10,16,v0.4.0
1912,11,60.9,14,69.6,16,23,v0.4.0
1913,2,50.0,1,50.0,1,2,v0.4.0
1913,3,54.5,6,72.7,8,11,v0.4.0
1913,4,62.5,10,93.8,15,16,v0.4.0
1913,5,76.9,20,73.1,19,26,v0.4.0
1913,6,36.0,9,68.0,17,25,v0.4.0
1913,7,64.0,16,72.0,18,25,v0.4.0
1913,8,60.7,17,64.3,18,28,v0.4.0
1913,9,42.9,12,78.6,22,28,v0.4.0
1913,10,56.2,9,75.0,12,16,v0.4.0
1913,11,55.0,11,55.0,11,20,v0.4.0
1914,2,50.0,1,100.0,2,2,v0.4.0
1914,3,66.7,8,50.0,6,12,v0.4.0
1914,4,76.2,16,61.9,13,21,v0.4.0
1914,5,57.7,15,65.4,17,26,v0.4.0
1914,6,50.0,15,66.7,20,30,v0.4.0
1914,7,63.0,17,66.7,18,27,v0.4.0
1914,8,56.7,17,56.7,17,30,v0.4.0
1914,9,41.4,12,75.9,22,29,v0.4.0
1914,10,47.6,10,66.7,14,21,v0.4.0
1914,11,33.3,8,70.8,17,24,v0.4.0
1915,2,75.0,3,75.0,3,4,v0.4.0
1915,3,82.4,14,52.9,9,17,v0.4.0
1915,4,60.0,12,50.0,10,20,v0.4.0
1915,5,51.9,14,77.8,21,27,v0.4.0
1915,6,53.1,17,68.8,22,32,v0.4.0
1915,7,58.6,17,69.0,20,29,v0.4.0
1915,8,61.3,19,71.0,22,31,v0.4.0
1915,9,50.0,15,70.0,21,30,v0.4.0
1915,10,50.0,9,50.0,9,18,v0.4.0
1915,11,74.1,20,81.5,22,27,v0.4.0
1916,3,87.5,7,100.0,8,8,v0.4.0
1916,4,62.5,10,37.5,6,16,v0.4.0
1916,5,58.3,14,70.8,17,24,v0.4.0
1916,6,64.5,20,67.7,21,31,v0.4.0
1916,7,53.3,16,63.3,19,30,v0.4.0
1916,8,55.2,16,79.3,23,29,v0.4.0
1916,9,70.0,21,60.0,18,30,v0.4.0
1916,10,54.5,18,69.7,23,33,v0.4.0
1916,11,42.1,8,73.7,14,19,v0.4.0
1916,12,60.7,17,71.4,20,28,v0.4.0
1917,1,0.0,0,0.0,0,1,v0.4.0
1917,3,83.3,5,83.3,5,6,v0.4.0
1917,4,62.5,5,87.5,7,8,v0.4.0
1917,5,76.2,16,47.6,10,21,v0.4.0
1917,6,59.4,19,68.8,22,32,v0.4.0
1917,7,70.4,19,66.7,18,27,v0.4.0
1917,8,50.0,15,63.3,19,30,v0.4.0
1917,9,63.3,19,70.0,21,30,v0.4.0
1917,10,55.2,16,72.4,21,29,v0.4.0
1917,11,56.2,9,62.5,10,16,v0.4.0
1917,12,70.4,19,59.3,16,27,v0.4.0
1918,1,50.0,1,0.0,0,2,v0.4.0
1918,2,33.3,1,0.0,0,3,v0.4.0
1918,3,50.0,1,100.0,2,2,v0.4.0
1918,4,66.7,2,33.3,1,3,v0.4.0
1918,5,50.0,1,100.0,2,2,v0.4.0
1918,6,37.5,3,37.5,3,8,v0.4.0
1918,7,52.9,9,64.7,11,17,v0.4.0
1918,8,65.0,13,60.0,12,20,v0.4.0
1918,9,52.9,9,58.8,10,17,v0.4.0
1918,10,70.8,17,62.5,15,24,v0.4.0
1918,11,60.0,3,80.0,4,5,v0.4.0
1919,2,66.7,4,100.0,6,6,v0.4.0
1919,3,57.1,8,78.6,11,14,v0.4.0
1919,4,59.3,16,55.6,15,27,v0.4.0
1919,5,61.8,21,76.5,26,34,v0.4.0
1919,6,42.9,15,54.3,19,35,v0.4.0
1919,7,48.6,17,65.7,23,35,v0.4.0
1919,8,51.3,20,71.8,28,39,v0.4.0
1919,9,48.5,16,57.6,19,33,v0.4.0
1919,10,27.3,6,36.4,8,22,v0.4.0
1919,11,57.6,19,60.6,20,33,v0.4.0
1920,1,100.0,2,100.0,2,2,v0.4.0
1920,2,52.9,9,70.6,12,17,v0.4.0
1920,3,63.0,17,51.9,14,27,v0.4.0
1920,4,50.0,16,68.8,22,32,v0.4.0
1920,5,61.1,22,72.2,26,36,v0.4.0
1920,6,43.2,16,64.9,24,37,v0.4.0
1920,7,54.1,20,70.3,26,37,v0.4.0
1920,8,53.8,21,74.4,29,39,v0.4.0
1920,9,45.8,11,75.0,18,24,v0.4.0
1920,10,53.8,14,76.9,20,26,v0.4.0
1921,2,100.0,4,100.0,4,4,v0.4.0
1921,3,70.6,12,64.7,11,17,v0.4.0
1921,4,81.5,22,85.2,23,27,v0.4.0
1921,5,59.4,19,65.6,21,32,v0.4.0
1921,6,73.7,28,55.3,21,38,v0.4.0
1921,7,65.9,29,65.9,29,44,v0.4.0
1921,8,44.7,17,57.9,22,38,v0.4.0
1921,9,70.0,28,70.0,28,40,v0.4.0
1921,10,54.8,17,64.5,20,31,v0.4.0
1921,11,46.2,12,61.5,16,26,v0.4.0
1921,12,40.0,2,60.0,3,5,v0.4.0
1922,1,100.0,2,100.0,2,2,v0.4.0
1922,2,75.0,9,83.3,10,12,v0.4.0
1922,3,73.9,17,73.9,17,23,v0.4.0
1922,4,45.7,16,68.6,24,35,v0.4.0
1922,5,46.3,19,58.5,24,41,v0.4.0
1922,6,51.3,20,76.9,30,39,v0.4.0
1922,7,59.5,22,56.8,21,37,v0.4.0
1922,8,64.4,29,68.9,31,45,v0.4.0
1922,9,53.8,21,79.5,31,39,v0.4.0
1922,10,50.0,14,75.0,21,28,v0.4.0
1922,11,51.4,18,68.6,24,35,v0.4.0
1923,2,66.7,8,75.0,9,12,v0.4.0
1923,3,65.2,15,47.8,11,23,v0.4.0
1923,4,57.1,20,65.7,23,35,v0.4.0
1923,5,50.0,20,67.5,27,40,v0.4.0
1923,6,46.2,18,59.0,23,39,v0.4.0
1923,7,60.5,23,68.4,26,38,v0.4.0
1923,8,57.5,23,77.5,31,40,v0.4.0
1923,9,63.4,26,68.3,28,41,v0.4.0
1923,10,57.1,16,85.7,24,28,v0.4.0
1923,11,35.5,11,54.8,17,31,v0.4.0
1924,1,100.0,1,100.0,1,1,v0.4.0
1924,2,72.7,8,90.9,10,11,v0.4.0
1924,3,66.7,18,59.3,16,27,v0.4.0
1924,4,59.4,19,53.1,17,32,v0.4.0
1924,5,54.8,23,69.0,29,42,v0.4.0
1924,6,42.5,17,62.5,25,40,v0.4.0
1924,7,61.0,25,78.0,32,41,v0.4.0
1924,8,61.0,25,48.8,20,41,v0.4.0
1924,9,53.5,23,67.4,29,43,v0.4.0
1924,10,56.7,17,63.3,19,30,v0.4.0
1924,11,44.7,17,63.2,24,38,v0.4.0
1924,12,66.7,2,66.7,2,3,v0.4.0
1925,1,0.0,0,100.0,1,1,v0.4.0
1925,2,54.5,6,72.7,8,11,v0.4.0
1925,3,62.5,15,50.0,12,24,v0.4.0
1925,4,52.9,18,55.9,19,34,v0.4.0
1925,5,50.0,18,58.3,21,36,v0.4.0
1925,6,57.5,23,47.5,19,40,v0.4.0
1925,7,35.7,15,73.8,31,42,v0.4.0
1925,8,70.0,28,67.5,27,40,v0.4.0
1925,9,48.7,19,74.4,29,39,v0.4.0
1925,10,51.9,14,66.7,18,27,v0.4.0
1925,11,56.2,18,68.8,22,32,v0.4.0
1925,12,100.0,1,100.0,1,1,v0.4.0
1926,1,100.0,1,100.0,1,1,v0.4.0
1926,2,66.7,2,66.7,2,3,v0.4.0
1926,3,56.5,13,65.2,15,23,v0.4.0
1926,4,62.1,18,58.6,17,29,v0.4.0
1926,5,47.2,17,58.3,21,36,v0.4.0
1926,6,41.5,17,68.3,28,41,v0.4.0
1926,7,56.8,21,59.5,22,37,v0.4.0
1926,8,50.0,17,70.6,24,34,v0.4.0
1926,9,61.5,24,69.2,27,39,v0.4.0
1926,10,52.4,11,76.2,16,21,v0.4.0
1926,11,50.0,15,60.0,18,30,v0.4.0
1926,12,0.0,0,0.0,0,1,v0.4.0
1927,1,0.0,0,0.0,0,0,v0.4.0
1927,2,50.0,1,100.0,2,2,v0.4.0
1927,3,52.2,12,43.5,10,23,v0.4.0
1927,4,54.8,17,48.4,15,31,v0.4.0
1927,5,53.8,21,48.7,19,39,v0.4.0
1927,6,50.0,20,65.0,26,40,v0.4.0
1927,7,65.0,26,62.5,25,40,v0.4.0
1927,8,44.7,17,65.8,25,38,v0.4.0
1927,9,58.5,24,63.4,26,41,v0.4.0
1927,10,45.5,10,68.2,15,22,v0.4.0
1927,11,51.6,16,54.8,17,31,v0.4.0
1927,12,60.0,3,80.0,4,5,v0.4.0
1927,14,100.0,1,100.0,1,1,v0.4.0
1928,1,0.0,0,0.0,0,1,v0.4.0
1928,4,100.0,8,100.0,8,8,v0.4.0
1928,5,56.5,13,47.8,11,23,v0.4.0
1928,6,53.1,17,59.4,19,32,v0.4.0
1928,7,50.0,20,72.5,29,40,v0.4.0
1928,8,51.4,19,54.1,20,37,v0.4.0
1928,9,58.3,21,52.8,19,36,v0.4.0
1928,10,51.2,21,65.9,27,41,v0.4.0
1928,11,53.7,22,65.9,27,41,v0.4.0
1928,12,68.2,15,59.1,13,22,v0.4.0
1928,13,61.3,19,77.4,24,31,v0.4.0
1928,14,50.0,2,75.0,3,4,v0.4.0
1929,2,83.3,5,66.7,4,6,v0.4.0
1929,3,62.5,15,66.7,16,24,v0.4.0
1929,4,48.6,18,56.8,21,37,v0.4.0
1929,5,53.8,21,51.3,20,39,v0.4.0
1929,6,51.5,17,75.8,25,33,v0.4.0
1929,7,56.8,21,62.2,23,37,v0.4.0
1929,8,56.1,23,70.7,29,41,v0.4.0
1929,9,55.3,21,78.9,30,38,v0.4.0
1929,10,54.2,13,66.7,16,24,v0.4.0
1929,11,50.0,15,66.7,20,30,v0.4.0
1929,12,40.0,2,100.0,5,5,v0.4.0
1929,13,100.0,1,100.0,1,1,v0.4.0
1929,14,100.0,1,100.0,1,1,v0.4.0
1930,2,100.0,1,100.0,1,1,v0.4.0
1930,3,55.6,5,77.8,7,9,v0.4.0
1930,4,58.6,17,44.8,13,29,v0.4.0
1930,5,68.6,24,65.7,23,35,v0.4.0
1930,6,60.5,26,74.4,32,43,v0.4.0
1930,7,50.0,20,65.0,26,40,v0.4.0
1930,8,65.9,29,61.4,27,44,v0.4.0
1930,9,36.6,15,87.8,36,41,v0.4.0
1930,10,48.8,21,60.5,26,43,v0.4.0
1930,11,50.0,13,57.7,15,26,v0.4.0
1930,12,48.6,17,77.1,27,35,v0.4.0
1930,13,0.0,0,71.4,5,7,v0.4.0
1930,14,0.0,0,100.0,1,1,v0.4.0
1931,3,54.5,6,54.5,6,11,v0.4.0
1931,4,73.1,19,50.0,13,26,v0.4.0
1931,5,61.0,25,61.0,25,41,v0.4.0
1931,6,51.3,20,66.7,26,39,v0.4.0
1931,7,53.7,22,75.6,31,41,v0.4.0
1931,8,40.5,17,73.8,31,42,v0.4.0
1931,9,60.9,28,65.2,30,46,v0.4.0
1931,10,46.8,22,55.3,26,47,v0.4.0
1931,11,43.8,14,68.8,22,32,v0.4.0
1931,12,48.6,17,60.0,21,35,v0.4.0
1931,13,55.6,5,66.7,6,9,v0.4.0
1931,14,50.0,1,100.0,2,2,v0.4.0
1932,1,100.0,1,100.0,1,1,v0.4.0
1932,2,76.9,10,53.8,7,13,v0.4.0
1932,3,62.5,20,68.8,22,32,v0.4.0
1932,4,46.3,19,65.9,27,41,v0.4.0
1932,5,52.2,24,58.7,27,46,v0.4.0
1932,6,44.7,21,63.8,30,47,v0.4.0
1932,7,56.2,27,72.9,35,48,v0.4.0
1932,8,48.8,21,60.5,26,43,v0.4.0
1932,9,55.1,27,63.3,31,49,v0.4.0
1932,10,41.7,15,77.8,28,36,v0.4.0
1932,11,67.6,23,73.5,25,34,v0.4.0
1932,12,55.6,5,77.8,7,9,v0.4.0
1932,13,100.0,1,100.0,1,1,v0.4.0
1932,14,66.7,2,33.3,1,3,v0.4.0
1933,2,60.0,3,60.0,3,5,v0.4.0
1933,3,66.7,20,60.0,18,30,v0.4.0
1933,4,58.1,25,58.1,25,43,v0.4.0
1933,5,51.2,22,60.5,26,43,v0.4.0
1933,6,66.0,33,72.0,36,50,v0.4.0
1933,7,45.1,23,72.5,37,51,v0.4.0
1933,8,54.2,26,62.5,30,48,v0.4.0
1933,9,55.1,27,61.2,30,49,v0.4.0
1933,10,58.0,29,70.0,35,50,v0.4.0
1933,11,50.0,20,75.0,30,40,v0.4.0
1933,12,51.6,16,71.0,22,31,v0.4.0
1933,13,33.3,1,100.0,3,3,v0.4.0
1934,2,60.0,3,60.0,3,5,v0.4.0
1934,3,62.5,15,37.5,9,24,v0.4.0
1934,4,42.2,19,48.9,22,45,v0.4.0
1934,5,62.8,27,65.1,28,43,v0.4.0
1934,6,58.3,28,70.8,34,48,v0.4.0
1934,7,44.0,22,62.0,31,50,v0.4.0
1934,8,50.0,23,63.0,29,46,v0.4.0
1934,9,63.5,33,73.1,38,52,v0.4.0
1934,10,44.2,23,61.5,32,52,v0.4.0
1934,11,55.9,19,76.5,26,34,v0.4.0
1934,12,52.8,19,75.0,27,36,v0.4.0
1934,13,50.0,3,33.3,2,6,v0.4.0
1934,14,0.0,0,100.0,1,1,v0.4.0
1935,1,60.0,3,100.0,5,5,v0.4.0
1935,2,75.0,21,64.3,18,28,v0.4.0
1935,3,50.0,21,66.7,28,42,v0.4.0
1935,4,60.9,28,73.9,34,46,v0.4.0
1935,5,48.9,22,68.9,31,45,v0.4.0
1935,6,50.0,27,63.0,34,54,v0.4.0
1935,7,51.9,28,68.5,37,54,v0.4.0
1935,8,49.0,25,66.7,34,51,v0.4.0
1935,9,46.9,23,61.2,30,49,v0.4.0
1935,10,51.4,18,54.3,19,35,v0.4.0
1935,11,44.7,17,57.9,22,38,v0.4.0
1935,12,62.5,5,75.0,6,8,v0.4.0
1935,13,50.0,1,50.0,1,2,v0.4.0
1936,1,75.0,3,100.0,4,4,v0.4.0
1936,2,69.6,16,73.9,17,23,v0.4.0
1936,3,65.1,28,60.5,26,43,v0.4.0
1936,4,69.8,37,71.7,38,53,v0.4.0
1936,5,48.1,25,67.3,35,52,v0.4.0
1936,6,50.9,27,50.9,27,53,v0.4.0
1936,7,62.3,33,54.7,29,53,v0.4.0
1936,8,42.9,24,73.2,41,56,v0.4.0
1936,9,37.7,20,67.9,36,53,v0.4.0
1936,10,60.5,23,71.1,27,38,v0.4.0
1936,11,47.7,21,65.9,29,44,v0.4.0
1936,12,50.0,6,41.7,5,12,v0.4.0
1936,13,0.0,0,50.0,1,2,v0.4.0
1936,14,100.0,1,0.0,0,1,v0.4.0
1937,1,50.0,1,50.0,1,2,v0.4.0
1937,2,73.9,17,65.2,15,23,v0.4.0
1937,3,64.4,29,62.2,28,45,v0.4.0
1937,4,60.0,30,62.0,31,50,v0.4.0
1937,5,47.2,25,54.7,29,53,v0.4.0
1937,6,51.0,26,60.8,31,51,v0.4.0
1937,7,50.0,27,57.4,31,54,v0.4.0
1937,8,48.1,26,68.5,37,54,v0.4.0
1937,9,48.1,26,59.3,32,54,v0.4.0
1937,10,48.6,17,68.6,24,35,v0.4.0
1937,11,41.5,17,63.4,26,41,v0.4.0
1937,12,40.0,4,60.0,6,10,v0.4.0
1937,13,0.0,0,100.0,1,1,v0.4.0
1938,1,0.0,0,0.0,0,1,v0.4.0
1938,2,57.7,15,50.0,13,26,v0.4.0
1938,3,62.8,27,58.1,25,43,v0.4.0
1938,4,53.3,24,75.6,34,45,v0.4.0
1938,5,46.0,23,58.0,29,50,v0.4.0
1938,6,51.9,27,73.1,38,52,v0.4.0
1938,7,51.0,26,76.5,39,51,v0.4.0
1938,8,48.9,23,66.0,31,47,v0.4.0
1938,9,43.1,22,70.6,36,51,v0.4.0
1938,10,41.7,15,83.3,30,36,v0.4.0
1938,11,61.9,26,73.8,31,42,v0.4.0
1938,12,77.8,7,55.6,5,9,v0.4.0
1938,13,0.0,0,0.0,0,1,v0.4.0
1938,15,100.0,1,100.0,1,1,v0.4.0
1939,2,62.5,5,75.0,6,8,v0.4.0
1939,3,60.6,20,51.5,17,33,v0.4.0
1939,4,52.0,26,72.0,36,50,v0.4.0
1939,5,44.9,22,61.2,30,49,v0.4.0
1939,6,66.7,34,60.8,31,51,v0.4.0
1939,7,50.0,26,71.2,37,52,v0.4.0
1939,8,47.1,24,60.8,31,51,v0.4.0
1939,9,55.4,31,60.7,34,56,v0.4.0
1939,10,45.1,23,62.7,32,51,v0.4.0
1939,11,47.5,19,65.0,26,40,v0.4.0
1939,12,53.6,15,75.0,21,28,v0.4.0
1939,13,0.0,0,50.0,2,4,v0.4.0
1940,2,66.7,2,66.7,2,3,v0.4.0
1940,3,61.5,16,50.0,13,26,v0.4.0
1940,4,75.6,31,51.2,21,41,v0.4.0
1940,5,54.9,28,54.9,28,51,v0.4.0
1940,6,62.7,32,68.6,35,51,v0.4.0
1940,7,43.1,22,60.8,31,51,v0.4.0
1940,8,58.0,29,62.0,31,50,v0.4.0
1940,9,49.1,26,75.5,40,53,v0.4.0
1940,10,70.0,35,68.0,34,50,v0.4.0
1940,11,50.0,23,76.1,35,46,v0.4.0
1940,12,45.2,14,64.5,20,31,v0.4.0
1940,13,28.6,2,85.7,6,7,v0.4.0
1941,1,66.7,2,66.7,2,3,v0.4.0
1941,2,60.6,20,36.4,12,33,v0.4.0
1941,3,64.3,27,61.9,26,42,v0.4.0
1941,4,42.0,21,60.0,30,50,v0.4.0
1941,5,44.2,23,63.5,33,52,v0.4.0
1941,6,60.0,30,66.0,33,50,v0.4.0
1941,7,48.1,25,61.5,32,52,v0.4.0
1941,8,44.0,22,70.0,35,50,v0.4.0
1941,9,57.4,27,63.8,30,47,v0.4.0
1941,10,39.1,18,73.9,34,46,v0.4.0
1941,11,46.7,14,60.0,18,30,v0.4.0
1941,12,25.0,2,87.5,7,8,v0.4.0
1942,2,60.0,3,40.0,2,5,v0.4.0
1942,3,52.5,21,60.0,24,40,v0.4.0
1942,4,58.7,27,60.9,28,46,v0.4.0
1942,5,44.7,21,66.0,31,47,v0.4.0
1942,6,48.1,25,63.5,33,52,v0.4.0
1942,7,50.0,25,56.0,28,50,v0.4.0
1942,8,51.9,28,57.4,31,54,v0.4.0
1942,9,58.5,31,58.5,31,53,v0.4.0
1942,10,63.6,35,72.7,40,55,v0.4.0
1942,11,53.5,23,69.8,30,43,v0.4.0
1942,12,60.5,23,65.8,25,38,v0.4.0
1942,13,60.0,6,50.0,5,10,v0.4.0
1942,14,0.0,0,100.0,1,1,v0.4.0
1943,1,0.0,0,50.0,1,2,v0.4.0
1943,2,0.0,0,20.0,1,5,v0.4.0
1943,3,57.1,12,57.1,12,21,v0.4.0
1943,4,63.0,17,66.7,18,27,v0.4.0
1943,5,41.4,12,55.2,16,29,v0.4.0
1943,6,56.0,14,80.0,20,25,v0.4.0
1943,7,42.3,11,69.2,18,26,v0.4.0
1943,8,60.7,17,85.7,24,28,v0.4.0
1943,9,50.0,15,70.0,21,30,v0.4.0
1943,10,45.8,11,87.5,21,24,v0.4.0
1943,11,48.0,12,76.0,19,25,v0.4.0
1943,12,36.8,7,63.2,12,19,v0.4.0
1944,3,100.0,1,100.0,1,1,v0.4.0
1944,4,50.0,1,50.0,1,2,v0.4.0
1944,5,50.0,8,56.2,9,16,v0.4.0
1944,6,48.1,13,40.7,11,27,v0.4.0
1944,7,45.5,15,63.6,21,33,v0.4.0
1944,8,67.6,23,76.5,26,34,v0.4.0
1944,9,56.2,18,81.2,26,32,v0.4.0
1944,10,54.5,18,57.6,19,33,v0.4.0
1944,11,48.6,18,64.9,24,37,v0.4.0
1944,12,60.5,23,78.9,30,38,v0.4.0
1944,13,51.5,17,78.8,26,33,v0.4.0
1944,14,61.3,19,77.4,24,31,v0.4.0
1944,15,50.0,6,58.3,7,12,v0.4.0
1945,2,100.0,1,100.0,1,1,v0.4.0
1945,3,55.6,10,38.9,7,18,v0.4.0
1945,4,57.6,19,57.6,19,33,v0.4.0
1945,5,50.0,20,67.5,27,40,v0.4.0
1945,6,73.7,28,73.7,28,38,v0.4.0
1945,7,42.9,15,62.9,22,35,v0.4.0
1945,8,61.5,24,61.5,24,39,v0.4.0
1945,9,48.8,20,65.9,27,41,v0.4.0
1945,10,63.4,26,61.0,25,41,v0.4.0
1945,11,60.5,23,68.4,26,38,v0.4.0
1945,12,62.9,22,62.9,22,35,v0.4.0
1945,13,52.9,9,64.7,11,17,v0.4.0
1946,1,100.0,1,0.0,0,1,v0.4.0
1946,2,66.7,8,66.7,8,12,v0.4.0
1946,3,68.2,30,61.4,27,44,v0.4.0
1946,4,60.0,30,66.0,33,50,v0.4.0
1946,5,54.5,30,60.0,33,55,v0.4.0
1946,6,65.4,34,59.6,31,52,v0.4.0
1946,7,50.0,25,68.0,34,50,v0.4.0
1946,8,46.2,24,69.2,36,52,v0.4.0
1946,9,49.1,26,69.8,37,53,v0.4.0
1946,10,57.7,30,71.2,37,52,v0.4.0
1946,11,44.7,17,78.9,30,38,v0.4.0
1946,12,60.6,20,78.8,26,33,v0.4.0
1946,13,0.0,0,100.0,1,1,v0.4.0
1946,15,0.0,0,100.0,1,1,v0.4.0
1947,1,0.0,0,100.0,1,1,v0.4.0
1947,2,71.4,10,85.7,12,14,v0.4.0
1947,3,65.2,30,63.0,29,46,v0.4.0
1947,4,67.3,33,63.3,31,49,v0.4.0
1947,5,58.2,32,58.2,32,55,v0.4.0
1947,6,50.0,27,61.1,33,54,v0.4.0
1947,7,53.8,28,55.8,29,52,v0.4.0
1947,8,62.3,33,79.2,42,53,v0.4.0
1947,9,56.9,29,72.5,37,51,v0.4.0
1947,10,60.4,32,67.9,36,53,v0.4.0
1947,11,56.4,22,69.2,27,39,v0.4.0
1947,12,50.0,17,70.6,24,34,v0.4.0
1947,13,0.0,0,25.0,1,4,v0.4.0
1948,1,100.0,1,100.0,1,1,v0.4.0
1948,2,72.7,8,63.6,7,11,v0.4.0
1948,3,51.2,21,46.3,19,41,v0.4.0
1948,4,57.8,26,51.1,23,45,v0.4.0
1948,5,50.0,26,50.0,26,52,v0.4.0
1948,6,41.2,21,68.6,35,51,v0.4.0
1948,7,44.9,22,69.4,34,49,v0.4.0
1948,8,42.0,21,84.0,42,50,v0.4.0
1948,9,49.0,24,73.5,36,49,v0.4.0
1948,10,52.9,27,84.3,43,51,v0.4.0
1948,11,61.0,25,73.2,30,41,v0.4.0
1948,12,55.3,21,81.6,31,38,v0.4.0
1948,13,25.0,1,75.0,3,4,v0.4.0
1948,15,100.0,1,100.0,1,1,v0.4.0
1949,2,66.7,8,66.7,8,12,v0.4.0
1949,3,64.3,27,64.3,27,42,v0.4.0
1949,4,62.7,32,54.9,28,51,v0.4.0
1949,5,64.0,32,60.0,30,50,v0.4.0
1949,6,47.2,25,58.5,31,53,v0.4.0
1949,7,51.9,27,67.3,35,52,v0.4.0
1949,8,58.8,30,66.7,34,51,v0.4.0
1949,9,42.3,22,63.5,33,52,v0.4.0
1949,10,66.0,35,60.4,32,53,v0.4.0
1949,11,48.7,19,69.2,27,39,v0.4.0
1949,12,47.2,17,66.7,24,36,v0.4.0
1949,13,60.0,3,60.0,3,5,v0.4.0
1950,1,50.0,2,75.0,3,4,v0.4.0
1950,2,59.4,19,59.4,19,32,v0.4.0
1950,3,73.3,33,57.8,26,45,v0.4.0
1950,4,61.1,33,72.2,39,54,v0.4.0
1950,5,56.4,31,67.3,37,55,v0.4.0
1950,6,47.2,25,66.0,35,53,v0.4.0
1950,7,51.9,27,59.6,31,52,v0.4.0
1950,8,51.9,27,82.7,43,52,v0.4.0
1950,9,54.0,27,76.0,38,50,v0.4.0
1950,10,49.0,25,64.7,33,51,v0.4.0
1950,11,59.6,28,72.3,34,47,v0.4.0
1950,12,72.7,16,77.3,17,22,v0.4.0
1950,13,100.0,1,100.0,1,1,v0.4.0
1951,1,100.0,2,50.0,1,2,v0.4.0
1951,2,58.6,17,72.4,21,29,v0.4.0
1951,3,65.4,34,59.6,31,52,v0.4.0
1951,4,58.8,30,64.7,33,51,v0.4.0
1951,5,56.0,28,66.0,33,50,v0.4.0
1951,6,56.9,29,60.8,31,51,v0.4.0
1951,7,45.1,23,58.8,30,51,v0.4.0
1951,8,50.0,25,58.0,29,50,v0.4.0
1951,9,55.1,27,67.3,33,49,v0.4.0
1951,10,53.8,28,65.4,34,52,v0.4.0
1951,11,46.7,21,62.2,28,45,v0.4.0
1951,12,47.4,9,68.4,13,19,v0.4.0
1951,13,50.0,1,50.0,1,2,v0.4.0
1952,2,50.0,12,79.2,19,24,v0.4.0
1952,3,59.2,29,65.3,32,49,v0.4.0
1952,4,50.0,25,52.0,26,50,v0.4.0
1952,5,41.3,19,58.7,27,46,v0.4.0
1952,6,56.0,28,66.0,33,50,v0.4.0
1952,7,50.0,24,58.3,28,48,v0.4.0
1952,8,40.0,20,58.0,29,50,v0.4.0
1952,9,41.7,20,54.2,26,48,v0.4.0
1952,10,54.2,26,72.9,35,48,v0.4.0
1952,11,56.1,23,65.9,27,41,v0.4.0
1952,12,60.0,18,73.3,22,30,v0.4.0
1953,1,66.7,16,62.5,15,24,v0.4.0
1953,2,42.2,19,66.7,30,45,v0.4.0
1953,3,54.0,27,66.0,33,50,v0.4.0
1953,4,53.1,26,61.2,30,49,v0.4.0
1953,5,58.8,30,54.9,28,51,v0.4.0
1953,6,55.8,29,61.5,32,52,v0.4.0
1953,7,55.1,27,65.3,32,49,v0.4.0
1953,8,51.1,24,68.1,32,47,v0.4.0
1953,9,48.0,24,74.0,37,50,v0.4.0
1953,10,46.2,18,59.0,23,39,v0.4.0
1953,11,53.6,15,46.4,13,28,v0.4.0
1954,1,56.0,14,76.0,19,25,v0.4.0
1954,2,62.2,28,64.4,29,45,v0.4.0
1954,3,35.4,17,60.4,29,48,v0.4.0
1954,4,48.0,24,60.0,30,50,v0.4.0
1954,5,48.0,24,70.0,35,50,v0.4.0
1954,6,46.0,23,50.0,25,50,v0.4.0
1954,7,45.1,23,70.6,36,51,v0.4.0
1954,8,56.2,27,70.8,34,48,v0.4.0
1954,9,49.0,24,69.4,34,49,v0.4.0
1954,10,67.6,25,78.4,29,37,v0.4.0
1954,11,54.8,17,74.2,23,31,v0.4.0
1955,1,69.2,18,61.5,16,26,v0.4.0
1955,2,64.4,29,71.1,32,45,v0.4.0
1955,3,61.2,30,71.4,35,49,v0.4.0
1955,4,62.0,31,72.0,36,50,v0.4.0
1955,5,40.8,20,63.3,31,49,v0.4.0
1955,6,51.0,25,73.5,36,49,v0.4.0
1955,7,44.9,22,63.3,31,49,v0.4.0
1955,8,42.6,20,72.3,34,47,v0.4.0
1955,9,48.0,24,70.0,35,50,v0.4.0
1955,10,65.0,26,70.0,28,40,v0.4.0
1955,11,44.4,12,74.1,20,27,v0.4.0
1956,1,20.0,1,80.0,4,5,v0.4.0
1956,2,42.4,14,60.6,20,33,v0.4.0
1956,3,66.7,32,47.9,23,48,v0.4.0
1956,4,55.1,27,65.3,32,49,v0.4.0
1956,5,50.0,24,64.6,31,48,v0.4.0
1956,6,44.9,22,65.3,32,49,v0.4.0
1956,7,56.0,28,58.0,29,50,v0.4.0
1956,8,58.8,30,74.5,38,51,v0.4.0
1956,9,52.0,26,64.0,32,50,v0.4.0
1956,10,58.3,28,79.2,38,48,v0.4.0
1956,11,48.8,20,70.7,29,41,v0.4.0
1956,12,38.9,7,83.3,15,18,v0.4.0
1957,2,54.3,19,71.4,25,35,v0.4.0
1957,3,47.9,23,60.4,29,48,v0.4.0
1957,4,59.6,31,53.8,28,52,v0.4.0
1957,5,52.0,26,76.0,38,50,v0.4.0
1957,6,45.8,22,64.6,31,48,v0.4.0
1957,7,52.0,26,58.0,29,50,v0.4.0
1957,8,51.0,26,64.7,33,51,v0.4.0
1957,9,50.0,24,75.0,36,48,v0.4.0
1957,10,47.9,23,60.4,29,48,v0.4.0
1957,11,55.3,21,71.1,27,38,v0.4.0
1957,12,59.3,16,66.7,18,27,v0.4.0
1958,2,62.5,20,59.4,19,32,v0.4.0
1958,3,56.0,28,50.0,25,50,v0.4.0
1958,4,51.0,26,60.8,31,51,v0.4.0
1958,5,54.0,27,68.0,34,50,v0.4.0
1958,6,43.8,21,52.1,25,48,v0.4.0
1958,7,47.1,24,54.9,28,51,v0.4.0
1958,8,50.9,27,66.0,35,53,v0.4.0
1958,9,60.8,31,74.5,38,51,v0.4.0
1958,10,44.9,22,65.3,32,49,v0.4.0
1958,11,41.0,16,64.1,25,39,v0.4.0
1958,12,50.0,13,69.2,18,26,v0.4.0
1959,2,37.1,13,62.9,22,35,v0.4.0
1959,3,44.0,22,68.0,34,50,v0.4.0
1959,4,55.1,27,61.2,30,49,v0.4.0
1959,5,45.1,23,64.7,33,51,v0.4.0
1959,6,58.0,29,66.0,33,50,v0.4.0
1959,7,50.0,26,65.4,34,52,v0.4.0
1959,8,50.9,27,67.9,36,53,v0.4.0
1959,9,51.1,24,72.3,34,47,v0.4.0
1959,10,51.9,27,61.5,32,52,v0.4.0
1959,11,61.9,26,54.8,23,42,v0.4.0
1959,12,60.9,14,60.9,14,23,v0.4.0
1959,13,0.0,0,100.0,2,2,v0.4.0
1960,2,55.2,16,69.0,20,29,v0.4.0
1960,3,52.0,26,60.0,30,50,v0.4.0
1960,4,51.0,25,59.2,29,49,v0.4.0
1960,5,50.0,25,62.0,31,50,v0.4.0
1960,6,45.1,23,60.8,31,51,v0.4.0
1960,7,54.9,28,70.6,36,51,v0.4.0
1960,8,49.1,26,69.8,37,53,v0.4.0
1960,9,62.7,32,72.5,37,51,v0.4.0
1960,10,49.1,26,77.4,41,53,v0.4.0
1960,11,51.2,21,65.9,27,41,v0.4.0
1960,12,42.3,11,69.2,18,26,v0.4.0
1961,1,54.5,6,90.9,10,11,v0.4.0
1961,2,66.7,26,69.2,27,39,v0.4.0
1961,3,58.0,29,60.0,30,50,v0.4.0
1961,4,56.0,28,40.0,20,50,v0.4.0
1961,5,50.0,24,50.0,24,48,v0.4.0
1961,6,47.2,25,66.0,35,53,v0.4.0
1961,7,58.0,29,62.0,31,50,v0.4.0
1961,8,59.2,29,65.3,32,49,v0.4.0
1961,9,54.3,25,60.9,28,46,v0.4.0
1961,10,53.2,25,68.1,32,47,v0.4.0
1961,11,50.0,20,70.0,28,40,v0.4.0
1962,1,75.0,9,50.0,6,12,v0.4.0
1962,2,60.0,27,57.8,26,45,v0.4.0
1962,3,42.3,22,71.2,37,52,v0.4.0
1962,4,56.4,31,56.4,31,55,v0.4.0
1962,5,45.3,24,71.7,38,53,v0.4.0
1962,6,55.6,30,74.1,40,54,v0.4.0
1962,7,50.0,28,71.4,40,56,v0.4.0
1962,8,43.9,25,63.2,36,57,v0.4.0
1962,9,50.0,27,66.7,36,54,v0.4.0
1962,10,39.6,21,71.7,38,53,v0.4.0
1962,11,47.5,19,70.0,28,40,v0.4.0
1962,12,57.1,8,71.4,10,14,v0.4.0
1963,1,100.0,3,100.0,3,3,v0.4.0
1963,2,53.8,21,51.3,20,39,v0.4.0
1963,3,55.6,30,50.0,27,54,v0.4.0
1963,4,48.2,27,60.7,34,56,v0.4.0
1963,5,50.0,27,57.4,31,54,v0.4.0
1963,6,52.6,30,84.2,48,57,v0.4.0
1963,7,54.7,29,56.6,30,53,v0.4.0
1963,8,49.1,27,65.5,36,55,v0.4.0
1963,9,61.8,34,72.7,40,55,v0.4.0
1963,10,48.1,25,67.3,35,52,v0.4.0
1963,11,61.1,11,61.1,11,18,v0.4.0
1963,12,58.8,20,64.7,22,34,v0.4.0
1963,13,55.6,5,88.9,8,9,v0.4.0
1964,1,0.0,0,0.0,0,1,v0.4.0
1964,2,46.2,18,61.5,24,39,v0.4.0
1964,3,58.5,31,60.4,32,53,v0.4.0
1964,4,62.7,32,66.7,34,51,v0.4.0
1964,5,57.9,33,64.9,37,57,v0.4.0
1964,6,47.3,26,54.5,30,55,v0.4.0
1964,7,58.2,32,63.6,35,55,v0.4.0
1964,8,50.0,28,71.4,40,56,v0.4.0
1964,9,56.4,31,67.3,37,55,v0.4.0
1964,10,51.8,29,67.9,38,56,v0.4.0
1964,11,55.6,25,60.0,27,45,v0.4.0
1964,12,42.1,8,63.2,12,19,v0.4.0
1965,1,100.0,1,100.0,1,1,v0.4.0
1965,2,50.0,21,61.9,26,42,v0.4.0
1965,3,53.8,28,73.1,38,52,v0.4.0
1965,4,46.3,25,64.8,35,54,v0.4.0
1965,5,47.3,26,81.8,45,55,v0.4.0
1965,6,60.4,32,58.5,31,53,v0.4.0
1965,7,61.8,34,49.1,27,55,v0.4.0
1965,8,67.9,36,56.6,30,53,v0.4.0
1965,9,53.7,29,68.5,37,54,v0.4.0
1965,10,59.3,32,68.5,37,54,v0.4.0
1965,11,62.2,28,64.4,29,45,v0.4.0
1965,12,45.0,9,80.0,16,20,v0.4.0
1966,1,100.0,1,0.0,0,1,v0.4.0
1966,2,66.7,28,57.1,24,42,v0.4.0
1966,3,49.0,25,60.8,31,51,v0.4.0
1966,4,55.6,30,57.4,31,54,v0.4.0
1966,5,56.6,30,56.6,30,53,v0.4.0
1966,6,62.3,33,75.5,40,53,v0.4.0
1966,7,38.9,21,64.8,35,54,v0.4.0
1966,8,51.9,28,74.1,40,54,v0.4.0
1966,9,56.9,29,70.6,36,51,v0.4.0
1966,10,54.5,30,69.1,38,55,v0.4.0
1966,11,48.9,22,68.9,31,45,v0.4.0
1966,12,56.0,14,84.0,21,25,v0.4.0
1967,1,100.0,1,0.0,0,1,v0.4.0
1967,2,60.9,14,65.2,15,23,v0.4.0
1967,3,58.1,25,69.8,30,43,v0.4.0
1967,4,47.1,24,54.9,28,51,v0.4.0
1967,5,51.0,26,60.8,31,51,v0.4.0
1967,6,48.1,26,57.4,31,54,v0.4.0
1967,7,45.1,23,68.6,35,51,v0.4.0
1967,8,44.4,24,74.1,40,54,v0.4.0
1967,9,49.1,27,61.8,34,55,v0.4.0
1967,10,64.0,32,70.0,35,50,v0.4.0
1967,11,46.0,23,70.0,35,50,v0.4.0
1967,12,51.4,19,59.5,22,37,v0.4.0
1967,13,66.7,6,66.7,6,9,v0.4.0
1968,1,70.0,7,60.0,6,10,v0.4.0
1968,2,55.6,25,60.0,27,45,v0.4.0
1968,3,64.0,32,70.0,35,50,v0.4.0
1968,4,56.6,30,71.7,38,53,v0.4.0
1968,5,51.0,26,64.7,33,51,v0.4.0
1968,6,54.7,29,66.0,35,53,v0.4.0
1968,7,55.4,31,73.2,41,56,v0.4.0
1968,8,51.9,28,72.2,39,54,v0.4.0
1968,9,58.5,31,69.8,37,53,v0.4.0
1968,10,53.7,29,81.5,44,54,v0.4.0
1968,11,48.8,21,74.4,32,43,v0.4.0
1968,12,76.5,13,88.2,15,17,v0.4.0
1969,1,75.0,6,50.0,4,8,v0.4.0
1969,2,65.2,30,58.7,27,46,v0.4.0
1969,3,61.5,32,67.3,35,52,v0.4.0
1969,4,42.3,22,69.2,36,52,v0.4.0
1969,5,49.0,25,70.6,36,51,v0.4.0
1969,6,53.7,29,70.4,38,54,v0.4.0
1969,7,62.5,35,67.9,38,56,v0.4.0
1969,8,64.2,34,73.6,39,53,v0.4.0
1969,9,58.9,33,78.6,44,56,v0.4.0
1969,10,61.8,34,74.5,41,55,v0.4.0
1969,11,50.0,23,71.7,33,46,v0.4.0
1969,12,45.0,9,80.0,16,20,v0.4.0
1970,2,100.0,1,100.0,1,1,v0.4.0
1970,3,59.4,19,78.1,25,32,v0.4.0
1970,4,64.6,31,60.4,29,48,v0.4.0
1970,5,55.6,30,42.6,23,54,v0.4.0
1970,6,51.9,28,87.0,47,54,v0.4.0
1970,7,61.1,33,64.8,35,54,v0.4.0
1970,8,49.0,25,58.8,30,51,v0.4.0
1970,9,52.7,29,72.7,40,55,v0.4.0
1970,10,57.1,32,67.9,38,56,v0.4.0
1970,11,61.8,34,72.7,40,55,v0.4.0
1970,12,48.1,26,79.6,43,54,v0.4.0
1970,13,60.9,28,67.4,31,46,v0.4.0
1970,14,50.0,10,60.0,12,20,v0.4.0
1971,1,56.4,22,61.5,24,39,v0.4.0
1971,2,67.3,33,65.3,32,49,v0.4.0
1971,3,47.3,26,63.6,35,55,v0.4.0
1971,4,60.7,34,69.6,39,56,v0.4.0
1971,5,38.6,22,71.9,41,57,v0.4.0
1971,6,60.3,35,65.5,38,58,v0.4.0
1971,7,61.0,36,74.6,44,59,v0.4.0
1971,8,56.1,32,56.1,32,57,v0.4.0
1971,9,54.2,32,72.9,43,59,v0.4.0
1971,10,50.9,29,68.4,39,57,v0.4.0
1971,11,49.0,25,58.8,30,51,v0.4.0
1971,12,48.0,12,68.0,17,25,v0.4.0
1971,13,40.0,2,80.0,4,5,v0.4.0
1972,1,62.1,18,69.0,20,29,v0.4.0
1972,2,63.8,30,61.7,29,47,v0.4.0
1972,3,50.9,27,62.3,33,53,v0.4.0
1972,4,65.5,36,54.5,30,55,v0.4.0
1972,5,44.6,25,69.6,39,56,v0.4.0
1972,6,56.1,32,66.7,38,57,v0.4.0
1972,7,59.6,34,61.4,35,57,v0.4.0
1972,8,56.4,31,76.4,42,55,v0.4.0
1972,9,48.2,27,60.7,34,56,v0.4.0
1972,10,62.5,35,57.1,32,56,v0.4.0
1972,11,54.5,30,72.7,40,55,v0.4.0
1972,12,54.5,18,66.7,22,33,v0.4.0
1972,13,69.2,9,61.5,8,13,v0.4.0
1973,1,0.0,0,0.0,0,1,v0.4.0
1973,2,75.0,9,75.0,9,12,v0.4.0
1973,3,53.2,25,68.1,32,47,v0.4.0
1973,4,60.0,30,60.0,30,50,v0.4.0
1973,5,57.9,33,63.2,36,57,v0.4.0
1973,6,45.8,27,72.9,43,59,v0.4.0
1973,7,49.2,29,67.8,40,59,v0.4.0
1973,8,43.1,25,75.9,44,58,v0.4.0
1973,9,66.1,37,76.8,43,56,v0.4.0
1973,10,57.4,31,64.8,35,54,v0.4.0
1973,11,55.4,31,67.9,38,56,v0.4.0
1973,12,47.5,28,67.8,40,59,v0.4.0
1973,13,48.9,23,59.6,28,47,v0.4.0
1973,1,0.0,0,0.0,0,1,v0.4.0
1973,2,75.0,9,75.0,9,12,v0.4.0
1973,3,53.2,25,68.1,32,47,v0.4.0
1973,4,60.0,30,60.0,30,50,v0.4.0
1973,5,57.9,33,63.2,36,57,v0.4.0
1973,6,45.8,27,72.9,43,59,v0.4.0
1973,7,49.2,29,67.8,40,59,v0.4.0
1973,8,43.1,25,75.9,44,58,v0.4.0
1973,9,66.1,37,76.8,43,56,v0.4.0
1973,10,57.4,31,64.8,35,54,v0.4.0
1973,11,55.4,31,67.9,38,56,v0.4.0
1973,12,47.5,28,67.8,40,59,v0.4.0
1973,13,48.9,23,59.6,28,47,v0.4.0
1974,1,50.0,6,91.7,11,12,v0.4.0
1974,2,59.2,29,75.5,37,49,v0.4.0
1974,3,54.0,27,58.0,29,50,v0.4.0
1974,4,63.6,35,63.6,35,55,v0.4.0
1974,5,52.6,30,66.7,38,57,v0.4.0
1974,6,61.4,35,61.4,35,57,v0.4.0
1974,7,61.7,37,68.3,41,60,v0.4.0
1974,8,55.2,32,72.4,42,58,v0.4.0
1974,9,56.1,32,66.7,38,57,v0.4.0
1974,10,64.9,37,50.9,29,57,v0.4.0
1974,11,40.7,24,86.4,51,59,v0.4.0
1974,12,55.1,27,73.5,36,49,v0.4.0
1974,13,68.4,13,63.2,12,19,v0.4.0
1975,1,60.0,12,55.0,11,20,v0.4.0
1975,2,59.6,31,57.7,30,52,v0.4.0
1975,3,71.9,41,63.2,36,57,v0.4.0
1975,4,60.0,36,63.3,38,60,v0.4.0
1975,5,51.7,31,61.7,37,60,v0.4.0
1975,6,57.8,37,70.3,45,64,v0.4.0
1975,7,48.4,30,69.4,43,62,v0.4.0
1975,8,50.0,31,64.5,40,62,v0.4.0
1975,9,45.9,28,68.9,42,61,v0.4.0
1975,10,45.9,28,70.5,43,61,v0.4.0
1975,11,60.7,37,82.0,50,61,v0.4.0
1975,12,58.0,29,66.0,33,50,v0.4.0
1975,13,52.6,10,73.7,14,19,v0.4.0
1976,1,69.2,9,69.2,9,13,v0.4.0
1976,2,72.2,39,57.4,31,54,v0.4.0
1976,3,59.0,36,63.9,39,61,v0.4.0
1976,4,48.3,28,56.9,33,58,v0.4.0
1976,5,55.7,34,65.6,40,61,v0.4.0
1976,6,65.0,39,71.7,43,60,v0.4.0
1976,7,45.8,27,61.0,36,59,v0.4.0
1976,8,56.5,35,72.6,45,62,v0.4.0
1976,9,59.0,36,70.5,43,61,v0.4.0
1976,10,57.1,36,68.3,43,63,v0.4.0
1976,11,50.0,33,65.2,43,66,v0.4.0
1976,12,59.6,31,55.8,29,52,v0.4.0
1976,13,54.2,13,79.2,19,24,v0.4.0
1977,1,63.6,7,45.5,5,11,v0.4.0
1977,2,56.9,33,62.1,36,58,v0.4.0
1977,3,62.5,40,59.4,38,64,v0.4.0
1977,4,50.8,33,63.1,41,65,v0.4.0
1977,5,52.3,34,67.7,44,65,v0.4.0
1977,6,62.5,40,68.8,44,64,v0.4.0
1977,7,46.7,28,68.3,41,60,v0.4.0
1977,8,61.5,40,69.2,45,65,v0.4.0
1977,9,55.6,35,79.4,50,63,v0.4.0
1977,10,42.2,27,65.6,42,64,v0.4.0
1977,11,47.0,31,68.2,45,66,v0.4.0
1977,12,62.3,33,67.9,36,53,v0.4.0
1977,13,62.5,15,83.3,20,24,v0.4.0
1977,14,40.0,2,80.0,4,5,v0.4.0
1978,1,87.5,7,62.5,5,8,v0.4.0
1978,2,61.9,26,73.8,31,42,v0.4.0
1978,3,50.0,26,75.0,39,52,v0.4.0
1978,4,53.2,33,56.5,35,62,v0.4.0
1978,5,64.5,40,64.5,40,62,v0.4.0
1978,6,46.0,29,66.7,42,63,v0.4.0
1978,7,55.7,34,49.2,30,61,v0.4.0
1978,8,52.5,32,63.9,39,61,v0.4.0
1978,9,41.0,25,67.2,41,61,v0.4.0
1978,10,58.7,37,74.6,47,63,v0.4.0
1978,11,49.2,31,71.4,45,63,v0.4.0
1978,12,54.1,33,68.9,42,61,v0.4.0
1978,13,51.5,17,69.7,23,33,v0.4.0
1978,14,57.1,8,92.9,13,14,v0.4.0
1979,1,90.0,9,60.0,6,10,v0.4.0
1979,2,62.2,28,55.6,25,45,v0.4.0
1979,3,70.4,38,66.7,36,54,v0.4.0
1979,4,55.4,36,63.1,41,65,v0.4.0
1979,5,48.4,30,56.5,35,62,v0.4.0
1979,6,55.7,34,57.4,35,61,v0.4.0
1979,7,52.3,34,69.2,45,65,v0.4.0
1979,8,43.8,28,73.4,47,64,v0.4.0
1979,9,39.3,24,77.0,47,61,v0.4.0
1979,10,55.6,35,71.4,45,63,v0.4.0
1979,11,60.7,37,70.5,43,61,v0.4.0
1979,12,58.7,37,69.8,44,63,v0.4.0
1979,13,54.8,17,83.9,26,31,v0.4.0
1980,1,100.0,1,100.0,1,1,v0.4.0
1980,2,45.5,15,63.6,21,33,v0.4.0
1980,3,55.8,29,69.2,36,52,v0.4.0
1980,4,56.5,35,71.0,44,62,v0.4.0
1980,5,59.3,35,61.0,36,59,v0.4.0
1980,6,55.0,33,63.3,38,60,v0.4.0
1980,7,51.6,33,65.6,42,64,v0.4.0
1980,8,50.8,31,70.5,43,61,v0.4.0
1980,9,56.5,35,64.5,40,62,v0.4.0
1980,10,51.6,33,76.6,49,64,v0.4.0
1980,11,60.0,36,80.0,48,60,v0.4.0
1980,12,45.9,28,82.0,50,61,v0.4.0
1980,13,60.7,34,57.1,32,56,v0.4.0
1980,14,37.5,6,68.8,11,16,v0.4.0
1981,1,46.7,14,70.0,21,30,v0.4.0
1981,2,63.5,33,57.7,30,52,v0.4.0
1981,3,60.0,36,66.7,40,60,v0.4.0
1981,4,66.7,38,63.2,36,57,v0.4.0
1981,5,52.5,32,70.5,43,61,v0.4.0
1981,6,52.4,33,58.7,37,63,v0.4.0
1981,7,46.0,29,65.1,41,63,v0.4.0
1981,8,51.6,33,76.6,49,64,v0.4.0
1981,9,61.3,38,67.7,42,62,v0.4.0
1981,10,32.2,19,67.8,40,59,v0.4.0
1981,11,52.4,33,71.4,45,63,v0.4.0
1981,12,53.6,30,64.3,36,56,v0.4.0
1981,13,36.8,7,73.7,14,19,v0.4.0
1982,1,45.5,10,77.3,17,22,v0.4.0
1982,2,60.0,27,66.7,30,45,v0.4.0
1982,3,51.2,22,65.1,28,43,v0.4.0
1982,4,43.8,21,70.8,34,48,v0.4.0
1982,5,54.7,29,67.9,36,53,v0.4.0
1982,6,44.9,22,61.2,30,49,v0.4.0
1982,7,56.9,29,78.4,40,51,v0.4.0
1982,8,58.3,28,75.0,36,48,v0.4.0
1982,9,60.8,31,70.6,36,51,v0.4.0
1982,10,54.0,27,72.0,36,50,v0.4.0
1982,11,42.9,21,73.5,36,49,v0.4.0
1982,12,65.9,29,70.5,31,44,v0.4.0
1982,13,63.2,12,78.9,15,19,v0.4.0
1983,1,100.0,1,100.0,1,1,v0.4.0
1983,2,56.5,13,73.9,17,23,v0.4.0
1983,3,59.1,26,56.8,25,44,v0.4.0
1983,4,46.5,20,58.1,25,43,v0.4.0
1983,5,42.9,21,51.0,25,49,v0.4.0
1983,6,47.9,23,64.6,31,48,v0.4.0
1983,7,56.0,28,66.0,33,50,v0.4.0
1983,8,44.9,22,75.5,37,49,v0.4.0
1983,9,51.0,25,73.5,36,49,v0.4.0
1983,10,59.2,29,77.6,38,49,v0.4.0
1983,11,48.0,24,70.0,35,50,v0.4.0
1983,12,61.5,32,67.3,35,52,v0.4.0
1983,13,45.0,18,72.5,29,40,v0.4.0
1983,14,33.3,5,80.0,12,15,v0.4.0
1983,15,50.0,2,100.0,4,4,v0.4.0
1984,1,0.0,0,100.0,1,1,v0.4.0
1984,2,46.2,6,76.9,10,13,v0.4.0
1984,3,70.0,28,70.0,28,40,v0.4.0
1984,4,56.1,23,65.9,27,41,v0.4.0
1984,5,63.8,30,72.3,34,47,v0.4.0
1984,6,61.2,30,63.3,31,49,v0.4.0
1984,7,48.9,23,48.9,23,47,v0.4.0
1984,8,51.0,25,63.3,31,49,v0.4.0
1984,9,60.0,30,72.0,36,50,v0.4.0
1984,10,50.0,25,64.0,32,50,v0.4.0
1984,11,56.9,29,78.4,40,51,v0.4.0
1984,12,62.5,30,70.8,34,48,v0.4.0
1984,13,43.5,20,54.3,25,46,v0.4.0
1984,14,52.4,11,57.1,12,21,v0.4.0
1985,1,50.0,5,40.0,4,10,v0.4.0
1985,2,52.0,13,60.0,15,25,v0.4.0
1985,3,57.1,24,54.8,23,42,v0.4.0
1985,4,52.3,23,56.8,25,44,v0.4.0
1985,5,54.5,24,50.0,22,44,v0.4.0
1985,6,49.0,24,75.5,37,49,v0.4.0
1985,7,57.4,27,63.8,30,47,v0.4.0
1985,8,46.0,23,68.0,34,50,v0.4.0
1985,9,65.3,32,67.3,33,49,v0.4.0
1985,10,50.0,25,64.0,32,50,v0.4.0
1985,11,70.0,35,70.0,35,50,v0.4.0
1985,12,58.7,27,84.8,39,46,v0.4.0
1985,13,55.3,21,73.7,28,38,v0.4.0
1985,14,64.3,9,71.4,10,14,v0.4.0
1986,1,50.0,3,83.3,5,6,v0.4.0
1986,2,64.5,20,74.2,23,31,v0.4.0
1986,3,65.0,26,55.0,22,40,v0.4.0
1986,4,45.5,20,52.3,23,44,v0.4.0
1986,5,65.1,28,81.4,35,43,v0.4.0
1986,6,57.8,26,73.3,33,45,v0.4.0
1986,7,54.3,25,58.7,27,46,v0.4.0
1986,8,45.8,22,66.7,32,48,v0.4.0
1986,9,54.2,26,70.8,34,48,v0.4.0
1986,10,38.3,18,74.5,35,47,v0.4.0
1986,11,50.0,23,56.5,26,46,v0.4.0
1986,12,61.7,29,53.2,25,47,v0.4.0
1986,13,51.4,18,54.3,19,35,v0.4.0
1986,14,66.7,10,80.0,12,15,v0.4.0
1987,1,100.0,1,0.0,0,1,v0.4.0
1987,2,75.0,24,65.6,21,32,v0.4.0
1987,3,56.1,23,58.5,24,41,v0.4.0
1987,4,58.1,25,53.5,23,43,v0.4.0
1987,5,56.8,25,68.2,30,44,v0.4.0
1987,6,58.7,27,71.7,33,46,v0.4.0
1987,7,64.4,29,57.8,26,45,v0.4.0
1987,8,57.4,27,63.8,30,47,v0.4.0
1987,9,56.8,25,59.1,26,44,v0.4.0
1987,10,56.5,26,73.9,34,46,v0.4.0
1987,11,52.2,24,78.3,36,46,v0.4.0
1987,12,50.0,23,80.4,37,46,v0.4.0
1987,13,53.7,22,70.7,29,41,v0.4.0
1987,14,35.7,5,85.7,12,14,v0.4.0
1988,1,100.0,1,100.0,1,1,v0.4.0
1988,2,60.0,18,90.0,27,30,v0.4.0
1988,3,53.7,22,58.5,24,41,v0.4.0
1988,4,72.1,31,62.8,27,43,v0.4.0
1988,5,55.8,24,67.4,29,43,v0.4.0
1988,6,61.7,29,78.7,37,47,v0.4.0
1988,7,53.3,24,77.8,35,45,v0.4.0
1988,8,57.4,27,66.0,31,47,v0.4.0
1988,9,45.7,21,65.2,30,46,v0.4.0
1988,10,39.1,18,80.4,37,46,v0.4.0
1988,11,58.0,29,68.0,34,50,v0.4.0
1988,12,47.9,23,70.8,34,48,v0.4.0
1988,13,48.7,19,76.9,30,39,v0.4.0
1988,14,60.0,9,86.7,13,15,v0.4.0
1989,1,51.7,15,62.1,18,29,v0.4.0
1989,2,68.4,26,73.7,28,38,v0.4.0
1989,3,67.4,31,76.1,35,46,v0.4.0
1989,4,52.2,24,63.0,29,46,v0.4.0
1989,5,58.1,25,69.8,30,43,v0.4.0
1989,6,59.2,29,71.4,35,49,v0.4.0
1989,7,47.8,22,60.9,28,46,v0.4.0
1989,8,47.9,23,70.8,34,48,v0.4.0
1989,9,68.8,33,77.1,37,48,v0.4.0
1989,10,52.2,24,76.1,35,46,v0.4.0
1989,11,50.0,24,83.3,40,48,v0.4.0
1989,12,50.0,22,79.5,35,44,v0.4.0
1989,13,36.4,8,59.1,13,22,v0.4.0
1989,14,55.6,5,88.9,8,9,v0.4.0
1990,1,100.0,1,100.0,1,1,v0.4.0
1990,2,57.7,15,69.2,18,26,v0.4.0
1990,3,64.3,27,64.3,27,42,v0.4.0
1990,4,59.5,25,59.5,25,42,v0.4.0
1990,5,57.1,24,57.1,24,42,v0.4.0
1990,6,55.6,25,44.4,20,45,v0.4.0
1990,7,42.6,20,63.8,30,47,v0.4.0
1990,8,64.6,31,79.2,38,48,v0.4.0
1990,9,53.2,25,78.7,37,47,v0.4.0
1990,10,61.7,29,76.6,36,47,v0.4.0
1990,11,46.8,22,76.6,36,47,v0.4.0
1990,12,34.7,17,61.2,30,49,v0.4.0
1990,13,60.0,27,73.3,33,45,v0.4.0
1990,14,43.5,10,73.9,17,23,v0.4.0
1990,15,62.5,5,62.5,5,8,v0.4.0
1991,1,55.6,10,55.6,10,18,v0.4.0
1991,2,66.7,26,74.4,29,39,v0.4.0
1991,3,66.7,28,76.2,32,42,v0.4.0
1991,4,57.8,26,68.9,31,45,v0.4.0
1991,5,50.0,22,65.9,29,44,v0.4.0
1991,6,45.7,21,65.2,30,46,v0.4.0
1991,7,55.3,26,68.1,32,47,v0.4.0
1991,8,58.7,27,65.2,30,46,v0.4.0
1991,9,46.8,22,72.3,34,47,v0.4.0
1991,10,43.8,21,70.8,34,48,v0.4.0
1991,11,56.2,27,75.0,36,48,v0.4.0
1991,12,57.4,27,83.0,39,47,v0.4.0
1991,13,63.2,24,86.8,33,38,v0.4.0
1991,14,58.3,7,91.7,11,12,v0.4.0
1992,1,50.0,1,50.0,1,2,v0.4.0
1992,2,54.8,23,81.0,34,42,v0.4.0
1992,3,56.8,25,47.7,21,44,v0.4.0
1992,4,67.4,31,65.2,30,46,v0.4.0
1992,5,55.8,24,67.4,29,43,v0.4.0
1992,6,60.9,28,60.9,28,46,v0.4.0
1992,7,71.1,32,53.3,24,45,v0.4.0
1992,8,44.9,22,67.3,33,49,v0.4.0
1992,9,54.2,26,64.6,31,48,v0.4.0
1992,10,59.2,29,77.6,38,49,v0.4.0
1992,11,73.5,36,67.3,33,49,v0.4.0
1992,12,63.3,31,73.5,36,49,v0.4.0
1992,13,55.0,22,62.5,25,40,v0.4.0
1992,14,64.3,9,92.9,13,14,v0.4.0
1993,1,50.0,1,50.0,1,2,v0.4.0
1993,2,61.4,27,72.7,32,44,v0.4.0
1993,3,57.1,24,66.7,28,42,v0.4.0
1993,4,65.9,27,63.4,26,41,v0.4.0
1993,5,62.2,28,66.7,30,45,v0.4.0
1993,6,57.4,27,68.1,32,47,v0.4.0
1993,7,51.1,23,77.8,35,45,v0.4.0
1993,8,51.1,24,59.6,28,47,v0.4.0
1993,9,59.1,26,72.7,32,44,v0.4.0
1993,10,64.6,31,64.6,31,48,v0.4.0
1993,11,57.4,27,68.1,32,47,v0.4.0
1993,12,51.0,25,73.5,36,49,v0.4.0
1993,13,52.4,22,66.7,28,42,v0.4.0
1993,14,36.8,7,78.9,15,19,v0.4.0
1994,1,100.0,2,100.0,2,2,v0.4.0
1994,2,56.8,25,72.7,32,44,v0.4.0
1994,3,45.7,21,65.2,30,46,v0.4.0
1994,4,60.0,27,66.7,30,45,v0.4.0
1994,5,50.0,22,70.5,31,44,v0.4.0
1994,6,51.1,23,62.2,28,45,v0.4.0
1994,7,59.2,29,73.5,36,49,v0.4.0
1994,8,41.7,20,62.5,30,48,v0.4.0
1994,9,51.1,24,76.6,36,47,v0.4.0
1994,10,60.9,28,69.6,32,46,v0.4.0
1994,11,46.5,20,76.7,33,43,v0.4.0
1994,12,50.0,25,76.0,38,50,v0.4.0
1994,13,53.5,23,58.1,25,43,v0.4.0
1994,14,42.1,8,63.2,12,19,v0.4.0
1995,1,100.0,2,50.0,1,2,v0.4.0
1995,2,57.5,23,72.5,29,40,v0.4.0
1995,3,53.7,22,65.9,27,41,v0.4.0
1995,4,64.6,31,47.9,23,48,v0.4.0
1995,5,65.2,30,58.7,27,46,v0.4.0
1995,6,47.8,22,63.0,29,46,v0.4.0
1995,7,46.7,21,64.4,29,45,v0.4.0
1995,8,55.1,27,67.3,33,49,v0.4.0
1995,9,46.7,21,64.4,29,45,v0.4.0
1995,10,57.4,27,70.2,33,47,v0.4.0
1995,11,66.7,32,72.9,35,48,v0.4.0
1995,12,42.0,21,80.0,40,50,v0.4.0
1995,13,46.7,21,80.0,36,45,v0.4.0
1995,14,45.5,10,68.2,15,22,v0.4.0
1996,1,100.0,2,0.0,0,2,v0.4.0
1996,2,62.1,18,79.3,23,29,v0.4.0
1996,3,53.7,22,65.9,27,41,v0.4.0
1996,4,52.4,22,66.7,28,42,v0.4.0
1996,5,56.2,27,50.0,24,48,v0.4.0
1996,6,72.5,29,67.5,27,40,v0.4.0
1996,7,54.5,24,65.9,29,44,v0.4.0
1996,8,53.2,25,72.3,34,47,v0.4.0
1996,9,58.7,27,71.7,33,46,v0.4.0
1996,10,41.7,20,77.1,37,48,v0.4.0
1996,11,46.8,22,78.7,37,47,v0.4.0
1996,12,55.1,27,55.1,27,49,v0.4.0
1996,13,61.7,29,70.2,33,47,v0.4.0
1996,14,35.1,13,78.4,29,37,v0.4.0
1996,15,78.6,11,71.4,10,14,v0.4.0
1997,1,100.0,2,100.0,2,2,v0.4.0
1997,2,78.6,22,75.0,21,28,v0.4.0
1997,3,65.1,28,65.1,28,43,v0.4.0
1997,4,67.4,31,65.2,30,46,v0.4.0
1997,5,45.7,21,60.9,28,46,v0.4.0
1997,6,51.2,21,68.3,28,41,v0.4.0
1997,7,67.3,33,81.6,40,49,v0.4.0
1997,8,47.9,23,81.2,39,48,v0.4.0
1997,9,53.2,25,61.7,29,47,v0.4.0
1997,10,61.7,29,74.5,35,47,v0.4.0
1997,11,56.0,28,70.0,35,50,v0.4.0
1997,12,48.9,23,83.0,39,47,v0.4.0
1997,13,54.2,26,77.1,37,48,v0.4.0
1997,14,55.3,21,65.8,25,38,v0.4.0
1997,15,41.7,5,58.3,7,12,v0.4.0
1998,1,75.0,3,75.0,3,4,v0.4.0
1998,2,53.5,23,69.8,30,43,v0.4.0
1998,3,53.2,25,66.0,31,47,v0.4.0
1998,4,60.0,27,75.6,34,45,v0.4.0
1998,5,63.8,30,66.0,31,47,v0.4.0
1998,6,58.0,29,72.0,36,50,v0.4.0
1998,7,41.5,22,67.9,36,53,v0.4.0
1998,8,57.4,27,66.0,31,47,v0.4.0
1998,9,45.1,23,68.6,35,51,v0.4.0
1998,10,58.0,29,74.0,37,50,v0.4.0
1998,11,57.1,28,79.6,39,49,v0.4.0
1998,12,52.0,26,80.0,40,50,v0.4.0
1998,13,58.3,28,72.9,35,48,v0.4.0
1998,14,46.7,7,66.7,10,15,v0.4.0
1999,1,80.0,4,60.0,3,5,v0.4.0
1999,2,54.5,24,75.0,33,44,v0.4.0
1999,3,60.5,26,76.7,33,43,v0.4.0
1999,4,61.2,30,71.4,35,49,v0.4.0
1999,5,54.2,26,60.4,29,48,v0.4.0
1999,6,60.0,30,56.0,28,50,v0.4.0
1999,7,59.6,31,63.5,33,52,v0.4.0
1999,8,61.7,29,68.1,32,47,v0.4.0
1999,9,45.8,22,68.8,33,48,v0.4.0
1999,10,52.8,28,69.8,37,53,v0.4.0
1999,11,47.9,23,83.3,40,48,v0.4.0
1999,12,65.4,34,67.3,35,52,v0.4.0
1999,13,54.3,25,73.9,34,46,v0.4.0
1999,14,65.0,13,65.0,13,20,v0.4.0