week,home,away,neutral_site,prediction_source,rating_checkpoint,home_handicap,predicted_winner,home_score,away_score,actual_home_margin,straight_up,cors_line_coverage,absolute_error,status
2,Michigan,Great Lakes Navy,False,Saved spread,,-3.5,Michigan,27,2,25,correct,cover,21.5,Evaluated
3,Ole Miss,Kentucky,False,Saved spread,,-1.0,Ole Miss,21,7,14,correct,cover,13.0,Evaluated
3,UCLA,USC,False,Saved spread,,-0.5,UCLA,6,13,-7,incorrect,no_cover,7.5,Evaluated
3,Tulsa,Wichita State,False,Saved spread,,15.0,Wichita State,61,0,61,incorrect,no_cover,76.0,Evaluated
3,Michigan,Indiana,False,Saved spread,,-26.0,Michigan,7,13,-6,incorrect,no_cover,32.0,Evaluated
3,California,Saint Mary's (CA),False,Saved spread,,-3.5,California,13,20,-7,incorrect,no_cover,10.5,Evaluated
3,Purdue,Marquette,False,Saved spread,,-4.0,Purdue,14,13,1,correct,no_cover,3.0,Evaluated
3,Northwestern,Iowa State,False,Saved spread,,0.5,Iowa State,18,6,12,incorrect,no_cover,12.5,Evaluated
3,Bucknell,Villanova,False,Saved spread,,-24.5,Bucknell,7,19,-12,incorrect,no_cover,36.5,Evaluated
3,Illinois,Pittsburgh,False,Saved spread,,-4.0,Illinois,23,6,17,correct,cover,13.0,Evaluated
3,Wisconsin,Great Lakes Navy,False,Saved spread,,-2.5,Wisconsin,0,0,0,tie,no_cover,2.5,Evaluated
3,Kansas,TCU,False,Saved spread,,-0.5,Kansas,0,18,-18,incorrect,no_cover,18.5,Evaluated
3,Colorado College,Denver,False,Saved spread,,0.0,Unknown (zero line),12,0,12,ungraded,ungraded,12.0,Evaluated
3,Clemson,Presbyterian,False,Saved spread,,-3.0,Clemson,76,0,76,correct,cover,73.0,Evaluated
3,Baylor,West Texas A&M,False,Saved spread,,0.5,West Texas A&M,32,0,32,incorrect,no_cover,32.5,Evaluated
3,Minnesota,Missouri,False,Saved spread,,-3.0,Minnesota,34,0,34,correct,cover,31.0,Evaluated
3,Duke,South Carolina,False,Saved spread,,-2.5,Duke,60,0,60,correct,cover,57.5,Evaluated
3,Virginia,Coast Guard,False,Saved spread,,-4.5,Virginia,39,0,39,correct,cover,34.5,Evaluated
3,Syracuse,Cornell,False,Saved spread,,-1.0,Syracuse,14,26,-12,incorrect,no_cover,13.0,Evaluated
4,Temple,Syracuse,False,Saved spread,,-4.0,Temple,7,6,1,correct,no_cover,3.0,Evaluated
4,Denver,Kansas,False,Saved spread,,-2.5,Denver,19,20,-1,incorrect,no_cover,3.5,Evaluated
4,Washington,Oregon,False,Saved spread,,-2.5,Washington,20,6,14,correct,cover,11.5,Evaluated
4,Richmond,VMI,False,Saved spread,,18.5,VMI,6,40,-34,correct,cover,15.5,Evaluated
4,California,USC,False,Saved spread,,21.5,USC,2,13,-11,correct,no_cover,10.5,Evaluated
4,Indiana,Northwestern,False,Saved spread,,-6.5,Indiana,7,7,0,tie,no_cover,6.5,Evaluated
4,Dartmouth,Holy Cross,False,Saved spread,,-1.5,Dartmouth,6,13,-7,incorrect,no_cover,8.5,Evaluated
4,Florida,Ole Miss,False,Saved spread,,-0.5,Florida,26,13,13,correct,cover,12.5,Evaluated
4,Columbia,Lafayette,False,Saved spread,,-2.5,Columbia,40,14,26,correct,cover,23.5,Evaluated
4,Wisconsin,Marquette,False,Saved spread,,-2.5,Wisconsin,40,13,27,correct,cover,24.5,Evaluated
4,Virginia,NC State,False,Saved spread,,-4.5,Virginia,26,6,20,correct,cover,15.5,Evaluated
4,Tulsa,West Texas A&M,False,Saved spread,,-13.5,Tulsa,32,0,32,correct,cover,18.5,Evaluated
4,Texas A&M,Texas Tech,False,Saved spread,,-3.5,Texas A&M,16,6,10,correct,cover,6.5,Evaluated
4,Tennessee,Wake Forest,False,Saved spread,,-2.0,Tennessee,7,6,1,correct,no_cover,1.0,Evaluated
4,South Carolina,Presbyterian,False,Saved spread,,-2.5,South Carolina,40,0,40,correct,cover,37.5,Evaluated
4,Great Lakes Navy,Purdue,False,Saved spread,,21.0,Purdue,6,20,-14,correct,no_cover,7.0,Evaluated
4,Pennsylvania,Brown,False,Saved spread,,-2.0,Pennsylvania,50,0,50,correct,cover,48.0,Evaluated
4,Arkansas,Oklahoma State,False,Saved spread,,-21.0,Arkansas,14,19,-5,incorrect,no_cover,26.0,Evaluated
4,Missouri,Ohio State,False,Saved spread,,1.0,Ohio State,6,47,-41,correct,cover,40.0,Evaluated
4,Notre Dame,Illinois,False,Saved spread,,20.0,Illinois,7,0,7,incorrect,no_cover,27.0,Evaluated
4,Michigan,Michigan State,False,Saved spread,,-18.0,Michigan,40,0,40,correct,cover,22.0,Evaluated
4,LSU,Rice,False,Saved spread,,-3.5,LSU,42,0,42,correct,cover,38.5,Evaluated
4,Kansas State,Wichita State,False,Saved spread,,10.0,Wichita State,13,6,7,incorrect,no_cover,17.0,Evaluated
4,North Carolina,Georgia Tech,False,Saved spread,,-21.0,North Carolina,14,20,-6,incorrect,no_cover,27.0,Evaluated
4,Georgia,Clemson,False,Saved spread,,0.0,Unknown (zero line),20,0,20,ungraded,ungraded,20.0,Evaluated
4,Colorado College,Colorado,False,Saved spread,,-25.0,Colorado College,0,13,-13,incorrect,no_cover,38.0,Evaluated
4,Idaho,Washington State,False,Saved spread,,-2.0,Idaho,12,43,-31,incorrect,no_cover,33.0,Evaluated
4,Baylor,TCU,False,Saved spread,,-6.0,Baylor,6,7,-1,incorrect,no_cover,7.0,Evaluated
4,Pittsburgh,West Virginia,False,Saved spread,,21.0,West Virginia,20,0,20,incorrect,no_cover,41.0,Evaluated
4,Nebraska,Oklahoma,False,Saved spread,,18.5,Oklahoma,0,20,-20,correct,cover,1.5,Evaluated
4,Navy,Villanova,False,Saved spread,,23.5,Villanova,49,0,49,incorrect,no_cover,72.5,Evaluated
4,Chattanooga,Miami,False,Saved spread,,-2.0,Chattanooga,7,27,-20,incorrect,no_cover,22.0,Evaluated
4,Cornell,Bucknell,False,Saved spread,,-10.5,Cornell,19,8,11,correct,cover,0.5,Evaluated
5,New York University,Temple,False,Saved spread,,18.0,Temple,0,59,-59,correct,cover,41.0,Evaluated
5,Miami,Georgia,False,Saved spread,,2.5,Georgia,21,27,-6,correct,cover,3.5,Evaluated
5,Richmond,Maryland,False,Saved spread,,21.5,Maryland,0,21,-21,correct,no_cover,0.5,Evaluated
5,Illinois,Indiana,False,Saved spread,,12.0,Indiana,0,6,-6,correct,no_cover,6.0,Evaluated
5,Yale,Holy Cross,False,Saved spread,,-0.5,Yale,0,21,-21,incorrect,no_cover,21.5,Evaluated
5,Florida,Tulane,False,Saved spread,,-28.0,Florida,6,6,0,tie,no_cover,28.0,Evaluated
5,NC State,Clemson,False,Saved spread,,-0.5,NC State,0,13,-13,incorrect,no_cover,13.5,Evaluated
5,Arkansas,TCU,False,Saved spread,,12.5,TCU,27,14,13,incorrect,no_cover,25.5,Evaluated
5,Washington State,Oregon State,False,Saved spread,,-24.5,Washington State,33,0,33,correct,cover,8.5,Evaluated
5,Villanova,Marquette,False,Saved spread,,-16.0,Villanova,6,0,6,correct,no_cover,10.0,Evaluated
5,Tulsa,Drake,False,Saved spread,,-10.5,Tulsa,19,0,19,correct,cover,8.5,Evaluated
5,Wisconsin,Purdue,False,Saved spread,,0.0,Unknown (zero line),7,13,-6,ungraded,ungraded,6.0,Evaluated
5,Pittsburgh,Bucknell,False,Saved spread,,-6.5,Pittsburgh,38,0,38,correct,cover,31.5,Evaluated
5,Oregon,Idaho,False,Saved spread,,-2.5,Oregon,33,7,26,correct,cover,23.5,Evaluated
5,Ohio State,Iowa,False,Saved spread,,-5.5,Ohio State,42,0,42,correct,cover,36.5,Evaluated
5,West Texas A&M,New Mexico,False,Saved spread,,13.5,New Mexico,0,13,-13,correct,no_cover,0.5,Evaluated
5,Lafayette,Princeton,False,Saved spread,,0.5,Princeton,7,7,0,tie,no_cover,0.5,Evaluated
5,Iowa State,Kansas,False,Saved spread,,-5.0,Iowa State,13,13,0,tie,no_cover,5.0,Evaluated
5,Columbia,Syracuse,False,Saved spread,,-26.0,Columbia,32,0,32,correct,cover,6.0,Evaluated
5,Colorado,Utah,False,Saved spread,,-15.5,Colorado,18,13,5,correct,no_cover,10.5,Evaluated
5,California,Washington,False,Saved spread,,22.0,Washington,27,14,13,incorrect,no_cover,35.0,Evaluated
5,Brown,Boston College,False,Saved spread,,20.5,Boston College,51,6,45,incorrect,no_cover,65.5,Evaluated
5,LSU,Alabama,False,Saved spread,,-4.0,LSU,7,26,-19,incorrect,no_cover,23.0,Evaluated
5,Virginia,VMI,False,Saved spread,,-5.0,Virginia,40,7,33,correct,cover,28.0,Evaluated
5,Oklahoma,Texas A&M,False,Saved spread,,0.0,Unknown (zero line),14,19,-5,ungraded,ungraded,5.0,Evaluated
5,Pennsylvania,Dartmouth,False,Saved spread,,-26.0,Pennsylvania,12,0,12,correct,no_cover,14.0,Evaluated
5,Denver,Oklahoma State,False,Saved spread,,24.5,Oklahoma State,7,31,-24,correct,no_cover,0.5,Evaluated
5,Georgia Tech,Notre Dame,False,Saved spread,,-1.5,Georgia Tech,7,40,-33,incorrect,no_cover,34.5,Evaluated
5,Duke,Navy,False,Saved spread,,1.5,Navy,0,21,-21,correct,cover,19.5,Evaluated
5,SMU,Missouri,False,Saved spread,,-18.5,SMU,7,10,-3,incorrect,no_cover,21.5,Evaluated
5,Nebraska,Minnesota,False,Saved spread,,25.5,Minnesota,7,61,-54,correct,cover,28.5,Evaluated
5,Michigan State,Kentucky,False,Saved spread,,10.0,Kentucky,7,6,1,incorrect,no_cover,11.0,Evaluated
5,Army,Wake Forest,False,Saved spread,,-23.0,Army,54,0,54,correct,cover,31.0,Evaluated
5,Texas,Texas Tech,False,Saved spread,,-12.5,Texas,33,0,33,correct,cover,20.5,Evaluated
5,Tennessee,William & Mary,False,Saved spread,,-2.5,Tennessee,48,13,35,correct,cover,32.5,Evaluated
5,Penn State,Colgate,False,Saved spread,,-2.0,Penn State,27,7,20,correct,cover,18.0,Evaluated
5,Virginia Tech,North Carolina,False,Saved spread,,10.0,North Carolina,0,14,-14,correct,cover,4.0,Evaluated
5,Auburn,Mississippi State,False,Saved spread,,5.0,Mississippi State,0,20,-20,correct,cover,15.0,Evaluated
5,Vanderbilt,Ole Miss,False,Saved spread,,-8.0,Vanderbilt,7,14,-7,incorrect,no_cover,15.0,Evaluated
5,Northwestern,Michigan,False,Saved spread,,-10.0,Northwestern,7,20,-13,incorrect,no_cover,23.0,Evaluated
6,Boston College,New York University,False,Saved spread,,-15.0,Boston College,28,0,28,correct,cover,13.0,Evaluated
6,Syracuse,West Virginia,False,Saved spread,,17.0,West Virginia,12,0,12,incorrect,no_cover,29.0,Evaluated
6,Oklahoma State,SMU,False,Saved spread,,-18.5,Oklahoma State,26,12,14,correct,no_cover,4.5,Evaluated
6,Miami,Saint Louis,False,Saved spread,,6.0,Saint Louis,21,0,21,incorrect,no_cover,27.0,Evaluated
6,Denver,Utah,False,Saved spread,,-2.0,Denver,21,7,14,correct,cover,12.0,Evaluated
6,Columbia,Yale,False,Saved spread,,-14.0,Columbia,27,13,14,correct,push,0.0,Evaluated
6,Colorado State,Colorado,False,Saved spread,,4.0,Colorado,6,21,-15,correct,cover,11.0,Evaluated
6,Baylor,Arkansas,False,Saved spread,,-3.0,Baylor,23,13,10,correct,cover,7.0,Evaluated
6,NC State,VMI,False,Saved spread,,7.0,VMI,14,21,-7,correct,push,0.0,Evaluated
6,UCLA,California,False,Saved spread,,-11.5,UCLA,13,0,13,correct,cover,1.5,Evaluated
6,Temple,Bucknell,False,Saved spread,,-22.0,Temple,64,0,64,correct,cover,42.0,Evaluated
6,Purdue,Iowa,False,Saved spread,,-16.5,Purdue,40,0,40,correct,cover,23.5,Evaluated
6,Oregon State,Oregon,False,Saved spread,,12.0,Oregon,19,6,13,incorrect,no_cover,25.0,Evaluated
6,Ohio State,Wisconsin,False,Saved spread,,-14.0,Ohio State,12,0,12,correct,no_cover,2.0,Evaluated
6,Iowa State,Missouri,False,Saved spread,,-11.0,Iowa State,7,13,-6,incorrect,no_cover,17.0,Evaluated
6,Pittsburgh,Michigan State,False,Saved spread,,-11.5,Pittsburgh,7,12,-5,incorrect,no_cover,16.5,Evaluated
6,Kentucky,Georgia,False,Saved spread,,18.0,Georgia,6,48,-42,correct,cover,24.0,Evaluated
6,Colgate,Lafayette,False,Saved spread,,-19.0,Colgate,47,0,47,correct,cover,28.0,Evaluated
6,Pennsylvania,North Carolina,False,Saved spread,,-10.0,Pennsylvania,49,0,49,correct,cover,39.0,Evaluated
6,Colorado College,New Mexico,False,Saved spread,,6.0,New Mexico,4,6,-2,correct,no_cover,4.0,Evaluated
6,Mississippi State,Detroit Mercy,False,Saved spread,,-4.0,Mississippi State,41,6,35,correct,cover,31.0,Evaluated
6,Maryland,Merchant Marine Academy,False,Saved spread,,-3.5,Maryland,22,6,16,correct,cover,12.5,Evaluated
6,Marquette,Kansas State,False,Saved spread,,11.0,Kansas State,55,13,42,incorrect,no_cover,53.0,Evaluated
6,LSU,Texas A&M,False,Saved spread,,9.5,Texas A&M,31,12,19,incorrect,no_cover,28.5,Evaluated
6,Indiana,Nebraska,False,Saved spread,,-33.0,Indiana,54,14,40,correct,cover,7.0,Evaluated
6,Army,Michigan,False,Saved spread,,-5.0,Army,28,7,21,correct,cover,16.0,Evaluated
6,Alabama,South Carolina,False,Saved spread,,-13.5,Alabama,55,0,55,correct,cover,41.5,Evaluated
6,Texas Tech,Tulsa,False,Saved spread,,19.0,Tulsa,7,18,-11,correct,no_cover,8.0,Evaluated
6,Texas,Oklahoma,False,Saved spread,,-8.0,Texas,12,7,5,correct,no_cover,3.0,Evaluated
6,Tennessee,Chattanooga,False,Saved spread,,-19.0,Tennessee,30,0,30,correct,cover,11.0,Evaluated
6,William & Mary,Virginia Tech,False,Saved spread,,-14.5,William & Mary,38,0,38,correct,cover,23.5,Evaluated
6,Rice,Tulane,False,Saved spread,,0.5,Tulane,13,7,6,incorrect,no_cover,6.5,Evaluated
6,Washington,Washington State,False,Saved spread,,10.0,Washington State,6,0,6,incorrect,no_cover,16.0,Evaluated
6,Florida,Vanderbilt,False,Saved spread,,-13.5,Florida,0,7,-7,incorrect,no_cover,20.5,Evaluated
6,Notre Dame,Dartmouth,False,Saved spread,,-32.5,Notre Dame,34,0,34,correct,cover,1.5,Evaluated
6,Navy,Penn State,False,Saved spread,,-5.5,Navy,28,0,28,correct,cover,22.5,Evaluated
6,Holy Cross,Villanova,False,Saved spread,,-14.0,Holy Cross,26,7,19,correct,cover,5.0,Evaluated
6,Wake Forest,Duke,False,Saved spread,,20.5,Duke,19,26,-7,correct,no_cover,13.5,Evaluated
7,Temple,West Virginia,False,Saved spread,,-13.5,Temple,28,12,16,correct,cover,2.5,Evaluated
7,Miami,Florida,False,Saved spread,,-3.5,Miami,7,6,1,correct,no_cover,2.5,Evaluated
7,Oregon,Washington State,False,Saved spread,,8.5,Washington State,26,13,13,incorrect,no_cover,21.5,Evaluated
7,Oklahoma,Kansas,False,Saved spread,,0.5,Kansas,39,7,32,incorrect,no_cover,32.5,Evaluated
7,Missouri,Kansas State,False,Saved spread,,-6.5,Missouri,41,7,34,correct,cover,27.5,Evaluated
7,Iowa State,Nebraska,False,Saved spread,,-14.5,Iowa State,27,7,20,correct,cover,5.5,Evaluated
7,Iowa,Indiana,False,Saved spread,,18.5,Indiana,20,52,-32,correct,cover,13.5,Evaluated
7,Illinois,Wisconsin,False,Saved spread,,-2.0,Illinois,7,7,0,tie,no_cover,2.0,Evaluated
7,Marquette,Great Lakes Navy,False,Saved spread,,-10.5,Marquette,27,37,-10,incorrect,no_cover,20.5,Evaluated
7,Columbia,Colgate,False,Saved spread,,-9.5,Columbia,31,7,24,correct,cover,14.5,Evaluated
7,Tulane,Auburn,False,Saved spread,,7.5,Auburn,14,20,-6,correct,no_cover,1.5,Evaluated
7,VMI,William & Mary,False,Saved spread,,-5.0,VMI,9,13,-4,incorrect,no_cover,9.0,Evaluated
7,Virginia Tech,Maryland,False,Saved spread,,25.5,Maryland,21,13,8,incorrect,no_cover,33.5,Evaluated
7,Vanderbilt,Kentucky,False,Saved spread,,-15.0,Vanderbilt,19,6,13,correct,no_cover,2.0,Evaluated
7,Utah State,Colorado State,False,Saved spread,,-19.0,Utah State,13,0,13,correct,no_cover,6.0,Evaluated
7,TCU,Texas A&M,False,Saved spread,,0.0,Unknown (zero line),13,12,1,ungraded,ungraded,1.0,Evaluated
7,Arkansas,Texas,False,Saved spread,,9.5,Texas,7,34,-27,correct,cover,17.5,Evaluated
7,Bucknell,Penn State,False,Saved spread,,14.5,Penn State,7,46,-39,correct,cover,24.5,Evaluated
7,Pittsburgh,Notre Dame,False,Saved spread,,10.0,Notre Dame,9,39,-30,correct,cover,20.0,Evaluated
7,Minnesota,Northwestern,False,Saved spread,,-13.0,Minnesota,30,7,23,correct,cover,10.0,Evaluated
7,Lafayette,Merchant Marine Academy,False,Saved spread,,16.5,Merchant Marine Academy,7,26,-19,correct,cover,2.5,Evaluated
7,Georgia,LSU,False,Saved spread,,-9.5,Georgia,0,32,-32,incorrect,no_cover,41.5,Evaluated
7,Brown,Holy Cross,False,Saved spread,,12.5,Holy Cross,0,25,-25,correct,cover,12.5,Evaluated
7,Alabama,Tennessee,False,Saved spread,,-2.5,Alabama,25,7,18,correct,cover,15.5,Evaluated
7,Utah,Oklahoma State,False,Saved spread,,25.5,Oklahoma State,6,46,-40,correct,cover,14.5,Evaluated
7,Navy,Georgia Tech,False,Saved spread,,-13.5,Navy,20,6,14,correct,cover,0.5,Evaluated
7,Denver,Drake,False,Saved spread,,11.0,Drake,19,19,0,tie,no_cover,11.0,Evaluated
7,Oregon State,Washington,False,Saved spread,,6.0,Washington,0,13,-13,correct,cover,7.0,Evaluated
7,Baylor,Texas Tech,False,Saved spread,,-17.5,Baylor,7,7,0,tie,no_cover,17.5,Evaluated
7,Colorado,Colorado College,False,Saved spread,,-6.5,Colorado,31,0,31,correct,cover,24.5,Evaluated
7,NC State,Wake Forest,False,Saved spread,,-10.5,NC State,18,19,-1,incorrect,no_cover,11.5,Evaluated
7,SMU,Rice,False,Saved spread,,-6.0,SMU,21,18,3,correct,no_cover,3.0,Evaluated
7,Ohio State,Purdue,False,Saved spread,,-3.5,Ohio State,13,35,-22,incorrect,no_cover,25.5,Evaluated
7,Cornell,Princeton,False,Saved spread,,-25.5,Cornell,6,14,-8,incorrect,no_cover,33.5,Evaluated
7,Villanova,Detroit Mercy,False,Saved spread,,5.0,Detroit Mercy,14,0,14,incorrect,no_cover,19.0,Evaluated
8,Clemson,South Carolina,False,Saved spread,,-12.0,Clemson,0,0,0,tie,no_cover,12.0,Evaluated
8,Detroit Mercy,Drake,False,Saved spread,,1.5,Drake,19,14,5,incorrect,no_cover,6.5,Evaluated
8,Kansas State,Oklahoma,False,Saved spread,,10.5,Oklahoma,13,41,-28,correct,cover,17.5,Evaluated
8,Minnesota,Ohio State,False,Saved spread,,-6.0,Minnesota,7,20,-13,incorrect,no_cover,19.0,Evaluated
8,Missouri,Nebraska,False,Saved spread,,-17.5,Missouri,19,0,19,correct,cover,1.5,Evaluated
8,Boston College,Merchant Marine Academy,False,Saved spread,,2.0,Merchant Marine Academy,20,33,-13,correct,cover,11.0,Evaluated
8,LSU,Vanderbilt,False,Saved spread,,-4.5,LSU,39,7,32,correct,cover,27.5,Evaluated
8,Harvard,Coast Guard,False,Saved spread,,-10.0,Harvard,25,0,25,correct,cover,15.0,Evaluated
8,Syracuse,Dartmouth,False,Saved spread,,-9.0,Syracuse,0,8,-8,incorrect,no_cover,17.0,Evaluated
8,Columbia,Brown,False,Saved spread,,-20.5,Columbia,27,6,21,correct,cover,0.5,Evaluated
8,Lafayette,Bucknell,False,Saved spread,,2.0,Bucknell,2,26,-24,correct,cover,22.0,Evaluated
8,Washington,USC,False,Saved spread,,-2.0,Washington,13,7,6,correct,cover,4.0,Evaluated
8,Colorado State,Utah,False,Saved spread,,-8.0,Colorado State,0,28,-28,incorrect,no_cover,36.0,Evaluated
8,Texas Tech,West Texas A&M,False,Saved spread,,-3.0,Texas Tech,12,6,6,correct,cover,3.0,Evaluated
8,Pittsburgh,Temple,False,Saved spread,,12.5,Temple,0,6,-6,correct,no_cover,6.5,Evaluated
8,Texas,Rice,False,Saved spread,,-24.0,Texas,6,7,-1,incorrect,no_cover,25.0,Evaluated
8,Northwestern,Purdue,False,Saved spread,,16.5,Purdue,26,14,12,incorrect,no_cover,28.5,Evaluated
8,NC State,William & Mary,False,Saved spread,,12.5,William & Mary,20,6,14,incorrect,no_cover,26.5,Evaluated
8,Illinois,Michigan,False,Saved spread,,6.0,Michigan,0,19,-19,correct,cover,13.0,Evaluated
8,Marquette,Michigan State,False,Saved spread,,9.0,Michigan State,13,13,0,tie,no_cover,9.0,Evaluated
8,Holy Cross,Colgate,False,Saved spread,,-13.5,Holy Cross,21,0,21,correct,cover,7.5,Evaluated
8,Georgia Tech,Auburn,False,Saved spread,,-3.0,Georgia Tech,20,7,13,correct,cover,10.0,Evaluated
8,Denver,Utah State,False,Saved spread,,16.5,Utah State,41,6,35,incorrect,no_cover,51.5,Evaluated
8,Alabama,Georgia,False,Saved spread,,-7.0,Alabama,28,14,14,correct,cover,7.0,Evaluated
8,Virginia,Virginia Tech,False,Saved spread,,-22.5,Virginia,31,13,18,correct,no_cover,4.5,Evaluated
8,Tulane,SMU,False,Saved spread,,9.5,SMU,19,7,12,incorrect,no_cover,21.5,Evaluated
8,Tennessee,Villanova,False,Saved spread,,-9.5,Tennessee,33,2,31,correct,cover,21.5,Evaluated
8,TCU,Oklahoma State,False,Saved spread,,3.5,Oklahoma State,12,25,-13,correct,cover,9.5,Evaluated
8,Notre Dame,Iowa,False,Saved spread,,-24.5,Notre Dame,56,0,56,correct,cover,31.5,Evaluated
8,Pennsylvania,Navy,False,Saved spread,,0.0,Unknown (zero line),7,14,-7,ungraded,ungraded,7.0,Evaluated
8,Maryland,West Virginia,False,Saved spread,,-10.5,Maryland,13,13,0,tie,no_cover,10.5,Evaluated
8,Wichita State,Kansas,False,Saved spread,,-2.5,Wichita State,0,13,-13,incorrect,no_cover,15.5,Evaluated
8,Indiana,Tulsa,False,Saved spread,,-2.5,Indiana,7,2,5,correct,cover,2.5,Evaluated
8,Army,Duke,False,Saved spread,,-6.0,Army,48,13,35,correct,cover,29.0,Evaluated
8,Yale,Cornell,False,Saved spread,,10.0,Cornell,18,7,11,incorrect,no_cover,21.0,Evaluated
8,Arkansas,Ole Miss,False,Saved spread,,7.5,Ole Miss,19,0,19,incorrect,no_cover,26.5,Evaluated
8,Idaho,Washington State,False,Saved spread,,8.0,Washington State,0,21,-21,correct,cover,13.0,Evaluated
8,UCLA,Oregon,False,Saved spread,,-4.5,UCLA,12,0,12,correct,cover,7.5,Evaluated
8,Texas A&M,Baylor,False,Saved spread,,1.5,Baylor,19,13,6,incorrect,no_cover,7.5,Evaluated
9,Miami,Clemson,False,Saved spread,,-4.0,Miami,7,6,1,correct,no_cover,3.0,Evaluated
9,Arkansas,Texas A&M,False,Saved spread,,3.5,Texas A&M,0,34,-34,correct,cover,30.5,Evaluated
9,SMU,Texas,False,Saved spread,,10.5,Texas,7,12,-5,correct,no_cover,5.5,Evaluated
9,Oregon State,Idaho,False,Saved spread,,-5.0,Oregon State,34,0,34,correct,cover,29.0,Evaluated
9,Ohio State,Northwestern,False,Saved spread,,-12.5,Ohio State,16,14,2,correct,no_cover,10.5,Evaluated
9,Notre Dame,Navy,False,Saved spread,,0.0,Unknown (zero line),6,6,0,ungraded,ungraded,0.0,Evaluated
9,NC State,Virginia Tech,False,Saved spread,,-6.5,NC State,6,0,6,correct,no_cover,0.5,Evaluated
9,Michigan,Minnesota,False,Saved spread,,0.5,Minnesota,26,0,26,incorrect,no_cover,26.5,Evaluated
9,LSU,Ole Miss,False,Saved spread,,-11.0,LSU,32,13,19,correct,cover,8.0,Evaluated
9,Saint Louis,Drake,False,Saved spread,,-8.0,Saint Louis,0,25,-25,incorrect,no_cover,33.0,Evaluated
9,Columbia,Cornell,False,Saved spread,,-11.5,Columbia,34,26,8,correct,no_cover,3.5,Evaluated
9,Brown,Coast Guard,False,Saved spread,,-8.5,Brown,33,6,27,correct,cover,18.5,Evaluated
9,Army,Villanova,False,Saved spread,,-16.5,Army,54,0,54,correct,cover,37.5,Evaluated
9,Yale,Dartmouth,False,Saved spread,,-9.5,Yale,6,0,6,correct,no_cover,3.5,Evaluated
9,Iowa,Wisconsin,False,Saved spread,,4.5,Wisconsin,7,27,-20,correct,cover,15.5,Evaluated
9,Washington State,California,False,Saved spread,,-9.0,Washington State,7,7,0,tie,no_cover,9.0,Evaluated
9,Oregon,Washington,False,Saved spread,,8.5,Washington,0,7,-7,correct,no_cover,1.5,Evaluated
9,Virginia,West Virginia,False,Saved spread,,-16.5,Virginia,13,7,6,correct,no_cover,10.5,Evaluated
9,Tulane,Mississippi State,False,Saved spread,,15.0,Mississippi State,14,13,1,incorrect,no_cover,16.0,Evaluated
9,Temple,Lafayette,False,Saved spread,,-30.0,Temple,20,0,20,correct,no_cover,10.0,Evaluated
9,Penn State,Syracuse,False,Saved spread,,-18.5,Penn State,26,0,26,correct,cover,7.5,Evaluated
9,Nebraska,Kansas,False,Saved spread,,14.5,Kansas,27,13,14,incorrect,no_cover,28.5,Evaluated
9,Marquette,Detroit Mercy,False,Saved spread,,8.5,Detroit Mercy,32,14,18,incorrect,no_cover,26.5,Evaluated
9,Iowa State,Kansas State,False,Saved spread,,-12.5,Iowa State,40,13,27,correct,cover,14.5,Evaluated
9,Auburn,Florida,False,Saved spread,,4.0,Florida,19,0,19,incorrect,no_cover,23.0,Evaluated
9,Kentucky,Alabama,False,Saved spread,,22.5,Alabama,19,60,-41,correct,cover,18.5,Evaluated
9,Wake Forest,Presbyterian,False,Saved spread,,-3.5,Wake Forest,53,0,53,correct,cover,49.5,Evaluated
9,Vanderbilt,VMI,False,Saved spread,,0.0,Unknown (zero line),13,27,-14,ungraded,ungraded,14.0,Evaluated
9,Oklahoma,TCU,False,Saved spread,,-5.0,Oklahoma,7,13,-6,incorrect,no_cover,11.0,Evaluated
9,Tennessee,North Carolina,False,Saved spread,,-11.5,Tennessee,20,6,14,correct,cover,2.5,Evaluated
9,USC,Saint Mary's (CA),False,Saved spread,,4.5,Saint Mary's (CA),0,26,-26,correct,cover,21.5,Evaluated
9,Maryland,William & Mary,False,Saved spread,,-6.5,Maryland,14,33,-19,incorrect,no_cover,25.5,Evaluated
9,Purdue,Pittsburgh,False,Saved spread,,-15.0,Purdue,28,0,28,correct,cover,13.0,Evaluated
9,Pennsylvania,Princeton,False,Saved spread,,0.5,Princeton,28,0,28,incorrect,no_cover,28.5,Evaluated
9,New Mexico,Colorado,False,Saved spread,,-6.5,New Mexico,12,6,6,correct,no_cover,0.5,Evaluated
9,Michigan State,Missouri,False,Saved spread,,-3.0,Michigan State,14,7,7,correct,cover,4.0,Evaluated
9,Illinois,Great Lakes Navy,False,Saved spread,,-1.5,Illinois,6,12,-6,incorrect,no_cover,7.5,Evaluated
9,Georgia Tech,Duke,False,Saved spread,,-0.5,Georgia Tech,6,14,-8,incorrect,no_cover,8.5,Evaluated
9,Rice,Texas Tech,False,Saved spread,,0.0,Unknown (zero line),13,0,13,ungraded,ungraded,13.0,Evaluated
9,Utah,Denver,False,Saved spread,,6.0,Denver,33,21,12,incorrect,no_cover,18.0,Evaluated
9,Chattanooga,Georgia,False,Saved spread,,4.5,Georgia,7,34,-27,correct,cover,22.5,Evaluated
10,South Carolina,Miami,False,Saved spread,,9.5,Miami,13,13,0,tie,no_cover,9.5,Evaluated
10,Texas A&M,SMU,False,Saved spread,,-13.5,Texas A&M,3,0,3,correct,no_cover,10.5,Evaluated
10,Tennessee,Ole Miss,False,Saved spread,,-13.5,Tennessee,34,0,34,correct,cover,20.5,Evaluated
10,USC,California,False,Saved spread,,-7.0,USC,14,0,14,correct,cover,7.0,Evaluated
10,Oklahoma,Iowa State,False,Saved spread,,-2.0,Oklahoma,14,7,7,correct,cover,5.0,Evaluated
10,Wisconsin,Northwestern,False,Saved spread,,-5.5,Wisconsin,14,28,-14,incorrect,no_cover,19.5,Evaluated
10,North Carolina,William & Mary,False,Saved spread,,5.0,William & Mary,6,0,6,incorrect,no_cover,11.0,Evaluated
10,LSU,Mississippi State,False,Saved spread,,-5.0,LSU,20,27,-7,incorrect,no_cover,12.0,Evaluated
10,Minnesota,Indiana,False,Saved spread,,5.0,Indiana,0,49,-49,correct,cover,44.0,Evaluated
10,Illinois,Iowa,False,Saved spread,,-4.5,Illinois,48,7,41,correct,cover,36.5,Evaluated
10,Harvard,Merchant Marine Academy,False,Saved spread,,5.5,Merchant Marine Academy,28,7,21,incorrect,no_cover,26.5,Evaluated
10,Tulane,Georgia Tech,False,Saved spread,,-1.0,Tulane,7,41,-34,incorrect,no_cover,35.0,Evaluated
10,Duke,NC State,False,Saved spread,,-9.0,Duke,26,13,13,correct,cover,4.0,Evaluated
10,Denver,Colorado State,False,Saved spread,,-5.0,Denver,35,12,23,correct,cover,18.0,Evaluated
10,Clemson,Virginia Tech,False,Saved spread,,-15.0,Clemson,35,0,35,correct,cover,20.0,Evaluated
10,Yale,Brown,False,Saved spread,,-8.0,Yale,7,20,-13,incorrect,no_cover,21.0,Evaluated
10,Villanova,Boston College,False,Saved spread,,-0.5,Villanova,41,0,41,correct,cover,40.5,Evaluated
10,Texas,Baylor,False,Saved spread,,-6.5,Texas,21,14,7,correct,cover,0.5,Evaluated
10,Rice,Arkansas,False,Saved spread,,-1.0,Rice,26,7,19,correct,cover,18.0,Evaluated
10,Penn State,Temple,False,Saved spread,,2.5,Temple,27,0,27,incorrect,no_cover,29.5,Evaluated
10,Washington,Oregon State,False,Saved spread,,-11.5,Washington,6,7,-1,incorrect,no_cover,12.5,Evaluated
10,Oklahoma State,Tulsa,False,Saved spread,,-6.0,Oklahoma State,12,6,6,correct,push,0.0,Evaluated
10,Kansas State,Nebraska,False,Saved spread,,-2.0,Kansas State,0,24,-24,incorrect,no_cover,26.0,Evaluated
10,Maryland,VMI,False,Saved spread,,-0.5,Maryland,38,0,38,correct,cover,37.5,Evaluated
10,Michigan State,Great Lakes Navy,False,Saved spread,,-11.0,Michigan State,7,27,-20,incorrect,no_cover,31.0,Evaluated
10,Georgia,Florida,False,Saved spread,,-8.0,Georgia,34,0,34,correct,cover,26.0,Evaluated
10,Dartmouth,Princeton,False,Saved spread,,9.5,Princeton,13,13,0,tie,no_cover,9.5,Evaluated
10,Cornell,Colgate,False,Saved spread,,-4.0,Cornell,20,6,14,correct,cover,10.0,Evaluated
10,Colorado,Utah State,False,Saved spread,,-0.5,Colorado,14,7,7,correct,cover,6.5,Evaluated
10,Army,Notre Dame,False,Saved spread,,-1.0,Army,48,0,48,correct,cover,47.0,Evaluated
10,Vanderbilt,Chattanooga,False,Saved spread,,-4.5,Vanderbilt,6,13,-7,incorrect,no_cover,11.5,Evaluated
10,New Mexico,Utah,False,Saved spread,,-20.5,New Mexico,20,21,-1,incorrect,no_cover,21.5,Evaluated
10,Texas Tech,TCU,False,Saved spread,,8.0,TCU,12,0,12,incorrect,no_cover,20.0,Evaluated
10,Pennsylvania,Columbia,False,Saved spread,,1.0,Columbia,32,7,25,incorrect,no_cover,26.0,Evaluated
10,Pittsburgh,Ohio State,False,Saved spread,,14.0,Ohio State,0,14,-14,correct,push,0.0,Evaluated
10,Navy,Michigan,False,Saved spread,,-10.0,Navy,33,7,26,correct,cover,16.0,Evaluated
10,Marquette,Kansas,False,Saved spread,,0.0,Unknown (zero line),26,0,26,ungraded,ungraded,26.0,Evaluated
10,West Virginia,Kentucky,False,Saved spread,,-10.0,West Virginia,6,19,-13,incorrect,no_cover,23.0,Evaluated
10,Washington State,Oregon,False,Saved spread,,-10.5,Washington State,20,13,7,correct,no_cover,3.5,Evaluated
10,Virginia,Richmond,False,Saved spread,,-19.5,Virginia,45,0,45,correct,cover,25.5,Evaluated
10,Holy Cross,Coast Guard,False,Saved spread,,-28.5,Holy Cross,39,6,33,correct,cover,4.5,Evaluated
11,Miami,NC State,False,Saved spread,,-14.0,Miami,21,7,14,correct,push,0.0,Evaluated
11,Oregon State,Washington State,False,Saved spread,,1.0,Washington State,6,13,-7,correct,cover,6.0,Evaluated
11,North Carolina,Wake Forest,False,Saved spread,,-4.5,North Carolina,13,14,-1,incorrect,no_cover,5.5,Evaluated
11,Virginia Tech,Richmond,False,Saved spread,,2.0,Richmond,44,6,38,incorrect,no_cover,40.0,Evaluated
11,Holy Cross,Temple,False,Saved spread,,-4.5,Holy Cross,6,14,-8,incorrect,no_cover,12.5,Evaluated
11,SMU,Arkansas,False,Saved spread,,-0.5,SMU,21,0,21,correct,cover,20.5,Evaluated
11,Ohio State,Illinois,False,Saved spread,,-15.5,Ohio State,27,2,25,correct,cover,9.5,Evaluated
11,Georgia Tech,LSU,False,Saved spread,,2.5,LSU,7,9,-2,correct,no_cover,0.5,Evaluated
11,Iowa,Minnesota,False,Saved spread,,12.5,Minnesota,20,19,1,incorrect,no_cover,13.5,Evaluated
11,Harvard,Brown,False,Saved spread,,-5.0,Harvard,14,7,7,correct,cover,2.0,Evaluated
11,Princeton,Columbia,False,Saved spread,,6.0,Columbia,7,32,-25,correct,cover,19.0,Evaluated
11,Vanderbilt,Alabama,False,Saved spread,,15.0,Alabama,0,71,-71,correct,cover,56.0,Evaluated
11,Washington,Idaho,False,Saved spread,,-19.0,Washington,12,0,12,correct,no_cover,7.0,Evaluated
11,Texas,TCU,False,Saved spread,,-10.5,Texas,20,0,20,correct,cover,9.5,Evaluated
11,Rice,Texas A&M,False,Saved spread,,7.0,Texas A&M,6,0,6,incorrect,no_cover,13.0,Evaluated
11,California,Oregon,False,Saved spread,,-3.0,California,13,20,-7,incorrect,no_cover,10.0,Evaluated
11,Missouri,Oklahoma,False,Saved spread,,2.0,Oklahoma,14,6,8,incorrect,no_cover,10.0,Evaluated
11,Michigan State,Penn State,False,Saved spread,,5.5,Penn State,33,0,33,incorrect,no_cover,38.5,Evaluated
11,Michigan,Purdue,False,Saved spread,,3.0,Purdue,27,13,14,incorrect,no_cover,17.0,Evaluated
11,Kansas,Kansas State,False,Saved spread,,-9.5,Kansas,27,0,27,correct,cover,17.5,Evaluated
11,Georgia,Auburn,False,Saved spread,,-7.5,Georgia,35,0,35,correct,cover,27.5,Evaluated
11,Dartmouth,Cornell,False,Saved spread,,9.5,Cornell,13,20,-7,correct,no_cover,2.5,Evaluated
11,Syracuse,Colgate,False,Saved spread,,5.0,Colgate,6,7,-1,correct,no_cover,4.0,Evaluated
11,Pennsylvania,Army,False,Saved spread,,1.0,Army,0,61,-61,correct,cover,60.0,Evaluated
11,Yale,Coast Guard,False,Saved spread,,-15.0,Yale,41,6,35,correct,cover,20.0,Evaluated
11,William & Mary,Merchant Marine Academy,False,Saved spread,,-0.5,William & Mary,25,7,18,correct,cover,17.5,Evaluated
11,UCLA,Saint Mary's (CA),False,Saved spread,,5.0,Saint Mary's (CA),13,7,6,incorrect,no_cover,11.0,Evaluated
11,Baylor,Tulsa,False,Saved spread,,2.5,Tulsa,7,26,-19,correct,cover,16.5,Evaluated
11,Oklahoma State,Texas Tech,False,Saved spread,,-19.0,Oklahoma State,46,6,40,correct,cover,21.0,Evaluated
11,Northwestern,Notre Dame,False,Saved spread,,7.5,Notre Dame,7,34,-27,correct,cover,19.5,Evaluated
11,Navy,Wisconsin,False,Saved spread,,-18.5,Navy,36,7,29,correct,cover,10.5,Evaluated
11,Kentucky,Marquette,False,Saved spread,,6.0,Marquette,13,19,-6,correct,push,0.0,Evaluated
11,Drake,Iowa State,False,Saved spread,,-6.0,Drake,6,8,-2,incorrect,no_cover,8.0,Evaluated
11,Pittsburgh,Indiana,False,Saved spread,,18.5,Indiana,0,19,-19,correct,cover,0.5,Evaluated
11,Florida,Presbyterian,False,Saved spread,,-11.5,Florida,41,0,41,correct,cover,29.5,Evaluated
11,West Texas A&M,Colorado College,False,Saved spread,,5.5,Colorado College,19,20,-1,correct,no_cover,4.5,Evaluated
11,Tulane,Clemson,False,Saved spread,,7.0,Clemson,20,47,-27,correct,cover,20.0,Evaluated
11,Detroit Mercy,Saint Louis,False,Saved spread,,1.0,Saint Louis,27,0,27,incorrect,no_cover,28.0,Evaluated
12,VMI,Virginia Tech,False,Saved spread,,-9.0,VMI,7,0,7,correct,no_cover,2.0,Evaluated
12,Utah,Utah State,False,Saved spread,,6.0,Utah State,24,6,18,incorrect,no_cover,24.0,Evaluated
12,Wichita State,Drake,False,Saved spread,,0.0,Unknown (zero line),19,13,6,ungraded,ungraded,6.0,Evaluated
12,Wake Forest,South Carolina,False,Saved spread,,-3.5,Wake Forest,13,13,0,tie,no_cover,3.5,Evaluated
12,Denver,Colorado,False,Saved spread,,5.0,Colorado,14,8,6,incorrect,no_cover,11.0,Evaluated
12,Richmond,William & Mary,False,Saved spread,,9.0,William & Mary,0,33,-33,correct,cover,24.0,Evaluated
12,Miami,Michigan State,False,Saved spread,,-7.0,Miami,21,7,14,correct,cover,7.0,Evaluated
12,Tulsa,Arkansas,False,Saved spread,,-16.0,Tulsa,45,13,32,correct,cover,16.0,Evaluated
12,Michigan,Ohio State,False,Saved spread,,2.5,Ohio State,7,3,4,incorrect,no_cover,6.5,Evaluated
12,Washington State,Washington,False,Saved spread,,-1.5,Washington State,7,0,7,correct,cover,5.5,Evaluated
12,Texas Tech,New Mexico,False,Saved spread,,11.5,New Mexico,6,6,0,tie,no_cover,11.5,Evaluated
12,Northwestern,Illinois,False,Saved spread,,-5.0,Northwestern,13,7,6,correct,cover,1.0,Evaluated
12,Indiana,Purdue,False,Saved spread,,-7.0,Indiana,26,0,26,correct,cover,19.0,Evaluated
12,Duke,North Carolina,False,Saved spread,,-11.0,Duke,14,7,7,correct,no_cover,4.0,Evaluated
12,Columbia,Dartmouth,False,Saved spread,,-22.0,Columbia,21,0,21,correct,no_cover,1.0,Evaluated
12,Colgate,Brown,False,Saved spread,,-3.5,Colgate,6,6,0,tie,no_cover,3.5,Evaluated
12,California,UCLA,False,Saved spread,,9.5,UCLA,6,0,6,incorrect,no_cover,15.5,Evaluated
12,Pennsylvania,Cornell,False,Saved spread,,-6.0,Pennsylvania,59,6,53,correct,cover,47.0,Evaluated
12,Oklahoma,Oklahoma State,False,Saved spread,,9.0,Oklahoma State,0,47,-47,correct,cover,38.0,Evaluated
12,Tulane,Notre Dame,False,Saved spread,,14.0,Notre Dame,6,32,-26,correct,cover,12.0,Evaluated
12,Nebraska,Iowa,False,Saved spread,,-6.0,Nebraska,13,6,7,correct,cover,1.0,Evaluated
12,Maryland,Virginia,False,Saved spread,,5.0,Virginia,19,13,6,incorrect,no_cover,11.0,Evaluated
12,Marquette,Saint Louis,False,Saved spread,,0.0,Unknown (zero line),40,6,34,ungraded,ungraded,34.0,Evaluated
12,Princeton,Yale,False,Saved spread,,2.0,Yale,14,20,-6,correct,cover,4.0,Evaluated
12,Georgia Tech,Clemson,False,Saved spread,,3.0,Clemson,7,21,-14,correct,cover,11.0,Evaluated
12,Colorado State,Colorado College,False,Saved spread,,7.5,Colorado College,7,7,0,tie,no_cover,7.5,Evaluated
12,Minnesota,Wisconsin,False,Saved spread,,-8.0,Minnesota,12,26,-14,incorrect,no_cover,22.0,Evaluated
12,TCU,Rice,False,Saved spread,,-1.0,TCU,14,13,1,correct,push,0.0,Evaluated
12,Kentucky,Tennessee,False,Saved spread,,17.5,Tennessee,0,14,-14,correct,no_cover,3.5,Evaluated
12,SMU,Baylor,False,Saved spread,,2.5,Baylor,34,0,34,incorrect,no_cover,36.5,Evaluated
12,USC,Oregon State,False,Saved spread,,-6.0,USC,34,7,27,correct,cover,21.0,Evaluated
12,Pittsburgh,Penn State,False,Saved spread,,13.0,Penn State,7,0,7,incorrect,no_cover,20.0,Evaluated
12,Missouri,Kansas,False,Saved spread,,-5.0,Missouri,33,12,21,correct,cover,16.0,Evaluated
12,Mississippi State,Ole Miss,False,Saved spread,,-15.0,Mississippi State,6,7,-1,incorrect,no_cover,16.0,Evaluated
12,Holy Cross,Boston College,False,Saved spread,,-14.5,Holy Cross,46,0,46,correct,cover,31.5,Evaluated
13,Texas A&M,Texas,False,Saved spread,,3.0,Texas,10,20,-10,correct,cover,7.0,Evaluated
13,Chattanooga,Ole Miss,False,Saved spread,,-5.0,Chattanooga,31,6,25,correct,cover,20.0,Evaluated
13,Miami,Auburn,False,Saved spread,,-10.5,Miami,33,7,26,correct,cover,15.5,Evaluated
13,Tulane,LSU,False,Saved spread,,13.0,LSU,0,33,-33,correct,cover,20.0,Evaluated
13,Georgia Tech,Georgia,False,Saved spread,,7.0,Georgia,0,33,-33,correct,cover,26.0,Evaluated
13,Alabama,Mississippi State,False,Saved spread,,-8.5,Alabama,55,13,42,correct,cover,33.5,Evaluated
13,Yale,Harvard,False,Saved spread,,-0.5,Yale,28,0,28,correct,cover,27.5,Evaluated
13,USC,UCLA,False,Saved spread,,-3.0,USC,26,15,11,correct,cover,8.0,Evaluated
13,South Carolina,Maryland,False,Saved spread,,6.0,Maryland,13,19,-6,correct,push,0.0,Evaluated
13,Clemson,Wake Forest,False,Saved spread,,-10.0,Clemson,6,13,-7,incorrect,no_cover,17.0,Evaluated
13,Rice,Baylor,False,Saved spread,,-1.5,Rice,14,17,-3,incorrect,no_cover,4.5,Evaluated
13,Army,Navy,False,Saved spread,,-1.5,Army,32,13,19,correct,cover,17.5,Evaluated
13,North Carolina,Virginia,False,Saved spread,,11.0,Virginia,27,18,9,incorrect,no_cover,20.0,Evaluated
13,Great Lakes Navy,Notre Dame,False,Saved spread,,7.5,Notre Dame,39,7,32,incorrect,no_cover,39.5,Evaluated
13,Tennessee,Vanderbilt,False,Saved spread,,-18.0,Tennessee,45,0,45,correct,cover,27.0,Evaluated
13,TCU,SMU,False,Saved spread,,-3.5,TCU,0,34,-34,incorrect,no_cover,37.5,Evaluated
13,Oregon,Oregon State,False,Saved spread,,-1.5,Oregon,12,13,-1,incorrect,no_cover,2.5,Evaluated
