week,game_count,straight_up_wins,straight_up_losses,straight_up_ties,covers,no_covers,pushes,mae,rmse,saved_predictions,reconstructed_predictions,missing_predictions,non_fbs_games,missing_scores
1,29,20,8,1,13,16,0,13.18965517241379310344827586,15.76470304410982291565222740,29,0,0,9,0
2,47,29,18,0,16,30,1,23.27659574468085106382978723,29.40274267131800548029158892,47,0,0,8,0
3,53,33,20,0,20,33,0,20.79245283018867924528301887,25.33287818194237627419730654,53,0,0,10,0
4,55,30,21,2,20,33,0,17.07272727272727272727272727,21.55774486434895249856674887,55,0,0,10,0
5,56,38,14,3,23,32,0,10.97321428571428571428571429,14.50815657286814446574850427,56,0,0,7,0
6,57,38,18,1,27,30,0,16.06140350877192982456140351,19.25327495495839196569654103,57,0,0,6,0
7,57,35,21,0,30,26,0,17.71929824561403508771929825,21.17139745447708032544596677,57,0,0,7,0
8,55,42,11,2,29,25,1,12.89090909090909090909090909,16.23828248866911976958748474,55,0,0,9,0
9,56,33,22,0,24,31,0,16.70535714285714285714285714,20.19226779169265503104013528,56,0,0,11,0
10,56,32,23,1,26,30,0,14.1875,16.94515838985115114178743852,56,0,0,7,0
11,55,40,14,0,29,25,0,11.97272727272727272727272727,14.54069524410088796419078707,55,0,0,12,0
12,33,22,7,1,19,11,0,13.21212121212121212121212121,16.60640621184268371645105157,33,0,0,6,0
13,13,8,3,1,8,4,0,11.23076923076923076923076923,14.77263582542970666489188030,13,0,0,2,0
14,1,1,0,0,0,1,0,1.5,1.5,1,0,0,1,0
